-- MySQL dump 10.13  Distrib 5.7.23, for Linux (x86_64)
--
-- Host: localhost    Database: db2
-- ------------------------------------------------------
-- Server version	5.7.23-0ubuntu0.16.04.1

/*!40101 SET @OLD_CHARACTER_SET_CLIENT=@@CHARACTER_SET_CLIENT */;
/*!40101 SET @OLD_CHARACTER_SET_RESULTS=@@CHARACTER_SET_RESULTS */;
/*!40101 SET @OLD_COLLATION_CONNECTION=@@COLLATION_CONNECTION */;
/*!40101 SET NAMES utf8 */;
/*!40103 SET @OLD_TIME_ZONE=@@TIME_ZONE */;
/*!40103 SET TIME_ZONE='+00:00' */;
/*!40014 SET @OLD_UNIQUE_CHECKS=@@UNIQUE_CHECKS, UNIQUE_CHECKS=0 */;
/*!40014 SET @OLD_FOREIGN_KEY_CHECKS=@@FOREIGN_KEY_CHECKS, FOREIGN_KEY_CHECKS=0 */;
/*!40101 SET @OLD_SQL_MODE=@@SQL_MODE, SQL_MODE='NO_AUTO_VALUE_ON_ZERO' */;
/*!40111 SET @OLD_SQL_NOTES=@@SQL_NOTES, SQL_NOTES=0 */;

--
-- Table structure for table `bank_account`
--

DROP TABLE IF EXISTS `bank_account`;
/*!40101 SET @saved_cs_client     = @@character_set_client */;
/*!40101 SET character_set_client = utf8 */;
CREATE TABLE `bank_account` (
  `id` int(10) unsigned NOT NULL AUTO_INCREMENT,
  `ts` timestamp NULL DEFAULT CURRENT_TIMESTAMP,
  `pid` int(10) unsigned DEFAULT NULL,
  `bank` varchar(50) COLLATE utf8_bin NOT NULL,
  `account_no` int(10) unsigned NOT NULL,
  `active` tinyint(4) DEFAULT NULL,
  `balance` float NOT NULL,
  PRIMARY KEY (`id`),
  UNIQUE KEY `account_no` (`account_no`),
  KEY `pid` (`pid`),
  CONSTRAINT `bank_account_ibfk_1` FOREIGN KEY (`pid`) REFERENCES `petrolpump` (`id`)
) ENGINE=InnoDB AUTO_INCREMENT=7 DEFAULT CHARSET=utf8 COLLATE=utf8_bin;
/*!40101 SET character_set_client = @saved_cs_client */;

--
-- Dumping data for table `bank_account`
--

LOCK TABLES `bank_account` WRITE;
/*!40000 ALTER TABLE `bank_account` DISABLE KEYS */;
INSERT INTO `bank_account` VALUES (5,'2018-08-18 08:23:58',1,'ICICI',1526542,NULL,1295830),(6,'2018-08-18 08:24:09',1,'PNB',152625856,NULL,520);
/*!40000 ALTER TABLE `bank_account` ENABLE KEYS */;
UNLOCK TABLES;

--
-- Table structure for table `collection_mode`
--

DROP TABLE IF EXISTS `collection_mode`;
/*!40101 SET @saved_cs_client     = @@character_set_client */;
/*!40101 SET character_set_client = utf8 */;
CREATE TABLE `collection_mode` (
  `pid` int(10) unsigned NOT NULL,
  `id` int(10) unsigned NOT NULL AUTO_INCREMENT,
  `ts` timestamp NULL DEFAULT CURRENT_TIMESTAMP,
  `mode` varchar(20) COLLATE utf8_bin NOT NULL,
  `del` tinyint(4) DEFAULT '0',
  PRIMARY KEY (`id`),
  KEY `pid` (`pid`),
  CONSTRAINT `collection_mode_ibfk_1` FOREIGN KEY (`pid`) REFERENCES `petrolpump` (`id`)
) ENGINE=InnoDB AUTO_INCREMENT=24 DEFAULT CHARSET=utf8 COLLATE=utf8_bin;
/*!40101 SET character_set_client = @saved_cs_client */;

--
-- Dumping data for table `collection_mode`
--

LOCK TABLES `collection_mode` WRITE;
/*!40000 ALTER TABLE `collection_mode` DISABLE KEYS */;
INSERT INTO `collection_mode` VALUES (1,1,'2018-07-11 04:11:09','bank',0),(1,2,'2018-07-11 04:11:09','credit',0),(1,3,'2018-07-11 04:42:11','cash',0),(1,4,'2018-07-11 04:42:22','fleet',0),(11,15,'2018-07-21 05:32:35','bank',0),(11,16,'2018-07-21 05:32:35','credit',0),(12,17,'2018-08-04 03:07:21','bank',0),(12,18,'2018-08-04 03:07:22','credit',0),(12,19,'2018-08-04 03:16:26','cash',0),(13,20,'2018-08-12 17:35:37','bank',0),(13,21,'2018-08-12 17:35:37','credit',0),(14,22,'2018-09-14 05:44:34','bank',0),(14,23,'2018-09-14 05:44:34','credit',0);
/*!40000 ALTER TABLE `collection_mode` ENABLE KEYS */;
UNLOCK TABLES;

--
-- Table structure for table `credit`
--

DROP TABLE IF EXISTS `credit`;
/*!40101 SET @saved_cs_client     = @@character_set_client */;
/*!40101 SET character_set_client = utf8 */;
CREATE TABLE `credit` (
  `id` int(10) unsigned NOT NULL AUTO_INCREMENT,
  `ts` timestamp NULL DEFAULT CURRENT_TIMESTAMP,
  `name` varchar(70) COLLATE utf8_bin NOT NULL,
  `address` varchar(100) COLLATE utf8_bin NOT NULL,
  `phone` decimal(13,0) NOT NULL,
  `del` tinyint(4) NOT NULL DEFAULT '0',
  `pid` int(10) unsigned NOT NULL,
  `balance` float NOT NULL DEFAULT '0',
  `active` tinyint(4) DEFAULT '0',
  PRIMARY KEY (`id`),
  KEY `pid` (`pid`),
  CONSTRAINT `credit_ibfk_1` FOREIGN KEY (`pid`) REFERENCES `petrolpump` (`id`)
) ENGINE=InnoDB AUTO_INCREMENT=8 DEFAULT CHARSET=utf8 COLLATE=utf8_bin;
/*!40101 SET character_set_client = @saved_cs_client */;

--
-- Dumping data for table `credit`
--

LOCK TABLES `credit` WRITE;
/*!40000 ALTER TABLE `credit` DISABLE KEYS */;
INSERT INTO `credit` VALUES (1,'2018-07-11 05:05:34','Radhey','Holi Gate',46566,0,1,12000,1),(2,'2018-07-11 05:11:56','radhey shyam','hvdfbmc',52146354,0,1,795536,1),(3,'2018-07-11 05:12:42','abc','abc',123,0,1,2030,1),(4,'2018-07-13 23:02:08','sfgjdry','jsrt',12345654,1,1,6496,1),(5,'2018-07-14 04:09:15','abcd','abcd',125554,0,1,11546,0),(6,'2018-09-16 08:41:32','Alpha Bhai','don`t know',12547895,0,1,120,1),(7,'2018-09-16 09:31:44','Test Party','Test Address',1234567890,0,14,0,1);
/*!40000 ALTER TABLE `credit` ENABLE KEYS */;
UNLOCK TABLES;

--
-- Table structure for table `credit_balance`
--

DROP TABLE IF EXISTS `credit_balance`;
/*!40101 SET @saved_cs_client     = @@character_set_client */;
/*!40101 SET character_set_client = utf8 */;
CREATE TABLE `credit_balance` (
  `id` int(10) unsigned NOT NULL AUTO_INCREMENT,
  `ts` timestamp NULL DEFAULT CURRENT_TIMESTAMP,
  `vehicle_no` varchar(30) COLLATE utf8_bin DEFAULT NULL,
  `credit_id` int(10) unsigned NOT NULL,
  `pid` int(10) unsigned NOT NULL,
  `invoice_no` int(11) NOT NULL,
  `shift_id` int(10) unsigned NOT NULL,
  PRIMARY KEY (`id`),
  KEY `credit_id` (`credit_id`),
  KEY `pid` (`pid`),
  KEY `shift_id` (`shift_id`),
  CONSTRAINT `credit_balance_ibfk_1` FOREIGN KEY (`credit_id`) REFERENCES `credit` (`id`),
  CONSTRAINT `credit_balance_ibfk_2` FOREIGN KEY (`pid`) REFERENCES `petrolpump` (`id`),
  CONSTRAINT `credit_balance_ibfk_3` FOREIGN KEY (`shift_id`) REFERENCES `shift` (`id`)
) ENGINE=InnoDB AUTO_INCREMENT=18 DEFAULT CHARSET=utf8 COLLATE=utf8_bin;
/*!40101 SET character_set_client = @saved_cs_client */;

--
-- Dumping data for table `credit_balance`
--

LOCK TABLES `credit_balance` WRITE;
/*!40000 ALTER TABLE `credit_balance` DISABLE KEYS */;
INSERT INTO `credit_balance` VALUES (7,'2018-08-22 17:37:15','54854',1,1,54,62),(8,'2018-08-22 18:18:53','4684564',1,1,56465,65),(9,'2018-08-22 18:24:53','6545',1,1,654654,66),(10,'2018-08-26 02:47:11','545451',1,1,56454654,67),(11,'2018-08-26 02:47:12','465',5,1,4654,67),(12,'2018-08-26 02:52:00','341',1,1,641,69),(13,'2018-08-26 03:36:25','56564',1,1,46445,70),(14,'2018-08-26 03:36:25','5656',2,1,49878,70),(15,'2018-08-26 03:36:26','1321',3,1,3131,70),(16,'2018-08-26 03:36:26','14711',4,1,44177,70),(17,'2018-09-10 10:47:26','252158',1,1,85585,74);
/*!40000 ALTER TABLE `credit_balance` ENABLE KEYS */;
UNLOCK TABLES;

--
-- Table structure for table `datasheet`
--

DROP TABLE IF EXISTS `datasheet`;
/*!40101 SET @saved_cs_client     = @@character_set_client */;
/*!40101 SET character_set_client = utf8 */;
CREATE TABLE `datasheet` (
  `id` int(10) unsigned NOT NULL AUTO_INCREMENT,
  `ts` timestamp NULL DEFAULT CURRENT_TIMESTAMP,
  `pid` int(10) unsigned NOT NULL,
  `tank_metadata_id` int(10) unsigned NOT NULL,
  `height` float NOT NULL,
  `cmv` float NOT NULL,
  `mmv` float NOT NULL,
  PRIMARY KEY (`id`),
  KEY `tank_metadata_id` (`tank_metadata_id`),
  KEY `pid` (`pid`),
  CONSTRAINT `datasheet_ibfk_1` FOREIGN KEY (`tank_metadata_id`) REFERENCES `tank_metadata` (`id`),
  CONSTRAINT `datasheet_ibfk_2` FOREIGN KEY (`pid`) REFERENCES `petrolpump` (`id`)
) ENGINE=InnoDB AUTO_INCREMENT=2319 DEFAULT CHARSET=utf8 COLLATE=utf8_bin;
/*!40101 SET character_set_client = @saved_cs_client */;

--
-- Dumping data for table `datasheet`
--

LOCK TABLES `datasheet` WRITE;
/*!40000 ALTER TABLE `datasheet` DISABLE KEYS */;
INSERT INTO `datasheet` VALUES (1,'2018-07-11 09:08:48',1,2,0,6,3),(2,'2018-07-11 09:08:48',1,2,1,36,2.75),(3,'2018-07-11 09:08:49',1,2,2,63,3.37),(4,'2018-07-11 09:08:49',1,2,3,97,3.9),(5,'2018-07-11 09:08:49',1,2,4,136,4.36),(6,'2018-07-11 09:08:49',1,2,5,179,4.77),(7,'2018-07-11 09:08:49',1,2,6,227,5.15),(8,'2018-07-11 09:08:49',1,2,7,279,5.5),(9,'2018-07-11 09:08:49',1,2,8,334,5.83),(10,'2018-07-11 09:08:49',1,2,9,392,6.14),(11,'2018-07-11 09:08:50',1,2,10,453,6.44),(12,'2018-07-11 09:08:50',1,2,11,516,6.72),(13,'2018-07-11 09:08:50',1,2,12,585,6.99),(14,'2018-07-11 09:08:50',1,2,13,655,7.25),(15,'2018-07-11 09:08:50',1,2,14,727,7.5),(16,'2018-07-11 09:08:50',1,2,15,803,7.74),(17,'2018-07-11 09:08:50',1,2,16,880,8),(18,'2018-07-11 09:08:50',1,2,17,960,8.19),(19,'2018-07-11 09:08:50',1,2,18,1024,8.41),(20,'2018-07-11 09:08:50',1,2,19,1126,8.62),(21,'2018-07-11 09:08:50',1,2,20,1212,8.82),(22,'2018-07-11 09:08:50',1,2,21,1300,9.02),(23,'2018-07-11 09:08:51',1,2,22,1391,9.21),(24,'2018-07-11 09:08:51',1,2,23,1483,9.4),(25,'2018-07-11 09:08:51',1,2,24,1577,9.58),(26,'2018-07-11 09:08:51',1,2,25,1673,9.76),(27,'2018-07-11 09:08:51',1,2,26,1770,9.93),(28,'2018-07-11 09:08:51',1,2,27,1869,10.1),(29,'2018-07-11 09:08:51',1,2,28,1970,10.26),(30,'2018-07-11 09:08:51',1,2,29,2073,10.42),(31,'2018-07-11 09:08:51',1,2,30,2177,10.56),(32,'2018-07-11 09:08:51',1,2,31,2283,10.73),(33,'2018-07-11 09:08:51',1,2,32,2390,10.88),(34,'2018-07-11 09:08:51',1,2,33,2499,11.02),(35,'2018-07-11 09:08:51',1,2,34,2609,11.16),(36,'2018-07-11 09:08:51',1,2,35,2721,11.3),(37,'2018-07-11 09:08:51',1,2,36,2834,11.44),(38,'2018-07-11 09:08:52',1,2,37,2948,11.57),(39,'2018-07-11 09:08:52',1,2,38,3064,11.7),(40,'2018-07-11 09:08:52',1,2,39,3181,11.82),(41,'2018-07-11 09:08:52',1,2,40,3299,11.95),(42,'2018-07-11 09:08:52',1,2,41,3419,12.07),(43,'2018-07-11 09:08:52',1,2,42,3540,12.18),(44,'2018-07-11 09:08:52',1,2,43,3661,12.3),(45,'2018-07-11 09:08:52',1,2,44,3784,12.41),(46,'2018-07-11 09:08:52',1,2,45,3908,12.52),(47,'2018-07-11 09:08:52',1,2,46,4034,12.62),(48,'2018-07-11 09:08:52',1,2,47,4160,12.73),(49,'2018-07-11 09:08:52',1,2,48,4287,12.83),(50,'2018-07-11 09:08:53',1,2,49,4415,12.93),(51,'2018-07-11 09:08:53',1,2,50,4545,13.02),(52,'2018-07-11 09:08:53',1,2,51,4675,13.12),(53,'2018-07-11 09:08:53',1,2,52,4806,13.21),(54,'2018-07-11 09:08:53',1,2,53,4938,13.3),(55,'2018-07-11 09:08:53',1,2,54,5071,13.38),(56,'2018-07-11 09:08:53',1,2,55,5205,13.46),(57,'2018-07-11 09:08:53',1,2,56,5340,13.55),(58,'2018-07-11 09:08:53',1,2,57,5475,13.63),(59,'2018-07-11 09:08:54',1,2,58,5611,13.7),(60,'2018-07-11 09:08:54',1,2,59,5748,13.78),(61,'2018-07-11 09:08:54',1,2,60,5886,13.85),(62,'2018-07-11 09:08:54',1,2,61,6025,13.92),(63,'2018-07-11 09:08:54',1,2,62,6164,13.99),(64,'2018-07-11 09:08:54',1,2,63,6304,14.05),(65,'2018-07-11 09:08:54',1,2,64,6444,14.12),(66,'2018-07-11 09:08:54',1,2,65,6585,14.18),(67,'2018-07-11 09:08:54',1,2,66,5727,14.24),(68,'2018-07-11 09:08:54',1,2,67,5869,14.29),(69,'2018-07-11 09:08:55',1,2,68,7012,14.35),(70,'2018-07-11 09:08:55',1,2,69,7156,14.4),(71,'2018-07-11 09:08:55',1,2,70,7300,14.45),(72,'2018-07-11 09:08:55',1,2,71,7444,14.5),(73,'2018-07-11 09:08:55',1,2,72,7589,14.54),(74,'2018-07-11 09:08:56',1,2,73,7735,14.59),(75,'2018-07-11 09:08:56',1,2,74,7881,14.63),(76,'2018-07-11 09:08:56',1,2,75,8027,14.67),(77,'2018-07-11 09:08:56',1,2,76,8173,14.71),(78,'2018-07-11 09:08:56',1,2,77,8321,14.74),(79,'2018-07-11 09:08:56',1,2,78,8468,14.78),(80,'2018-07-11 09:08:56',1,2,79,8616,14.81),(81,'2018-07-11 09:08:56',1,2,80,8754,14.84),(82,'2018-07-11 09:08:56',1,2,81,8912,14.87),(83,'2018-07-11 09:08:56',1,2,82,9061,14.89),(84,'2018-07-11 09:08:56',1,2,83,9210,14.91),(85,'2018-07-11 09:08:56',1,2,84,9359,14.94),(86,'2018-07-11 09:08:57',1,2,85,9508,14.96),(87,'2018-07-11 09:08:57',1,2,86,9658,14.97),(88,'2018-07-11 09:08:57',1,2,87,9808,14.99),(89,'2018-07-11 09:08:57',1,2,88,9957,15),(90,'2018-07-11 09:08:57',1,2,89,10107,15.01),(91,'2018-07-11 09:08:57',1,2,90,10258,15.02),(92,'2018-07-11 09:08:57',1,2,91,10408,15.03),(93,'2018-07-11 09:08:57',1,2,92,10558,15.03),(94,'2018-07-11 09:08:57',1,2,93,10708,15.04),(95,'2018-07-11 09:08:57',1,2,94,10859,15.04),(96,'2018-07-11 09:08:58',1,2,95,11009,15.04),(97,'2018-07-11 09:08:58',1,2,96,11100,15.09),(98,'2018-07-11 09:08:58',1,2,97,11310,15.09),(99,'2018-07-11 09:08:58',1,2,98,11460,15.02),(100,'2018-07-11 09:08:58',1,2,99,11610,15.01),(101,'2018-07-11 09:08:58',1,2,100,11761,15),(102,'2018-07-11 09:08:58',1,2,101,11911,14.99),(103,'2018-07-11 09:08:58',1,2,102,12061,14.96),(104,'2018-07-11 09:08:58',1,2,103,12210,14.96),(105,'2018-07-11 09:08:58',1,2,104,12360,14.94),(106,'2018-07-11 09:08:58',1,2,105,12509,14.92),(107,'2018-07-11 09:08:59',1,2,106,12568,14.9),(108,'2018-07-11 09:08:59',1,2,107,12607,14.87),(109,'2018-07-11 09:08:59',1,2,108,12950,14.84),(110,'2018-07-11 09:08:59',1,2,109,13105,14.81),(111,'2018-07-11 09:08:59',1,2,110,13253,14.78),(112,'2018-07-11 09:08:59',1,2,111,13401,14.75),(113,'2018-07-11 09:08:59',1,2,112,13548,14.71),(114,'2018-07-11 09:08:59',1,2,113,13605,14.66),(115,'2018-07-11 09:09:00',1,2,114,13842,14.64),(116,'2018-07-11 09:09:00',1,2,115,13088,14.6),(117,'2018-07-11 09:09:00',1,2,116,14134,14.55),(118,'2018-07-11 09:09:00',1,2,117,14280,14.51),(119,'2018-07-11 09:09:00',1,2,118,14425,14.46),(120,'2018-07-11 09:09:00',1,2,119,14570,14.41),(121,'2018-07-11 09:09:00',1,2,120,14714,14.36),(122,'2018-07-11 09:09:00',1,2,121,14857,14.3),(123,'2018-07-11 09:09:00',1,2,122,15000,14.25),(124,'2018-07-11 09:09:01',1,2,123,15143,14.19),(125,'2018-07-11 09:09:01',1,2,124,15285,14.13),(126,'2018-07-11 09:09:01',1,2,125,15426,14.06),(127,'2018-07-11 09:09:01',1,2,126,15566,14),(128,'2018-07-11 09:09:01',1,2,127,15706,13.93),(129,'2018-07-11 09:09:01',1,2,128,15846,13.85),(130,'2018-07-11 09:09:01',1,2,129,15964,1379),(131,'2018-07-11 09:09:02',1,2,130,16122,13.72),(132,'2018-07-11 09:09:02',1,2,131,16280,13.64),(133,'2018-07-11 09:09:02',1,2,132,16394,13.56),(134,'2018-07-11 09:09:02',1,2,133,16532,13.48),(135,'2018-07-11 09:09:02',1,2,134,16600,13.4),(136,'2018-07-11 09:09:02',1,2,135,16800,13.31),(137,'2018-07-11 09:09:02',1,2,136,16933,13.22),(138,'2018-07-11 09:09:02',1,2,137,17006,13.13),(139,'2018-07-11 09:09:02',1,2,138,17187,13.04),(140,'2018-07-11 09:09:02',1,2,139,17327,12.95),(141,'2018-07-11 09:09:02',1,2,140,17457,12.85),(142,'2018-07-11 09:09:03',1,2,141,17585,12.75),(143,'2018-07-11 09:09:03',1,2,142,17713,12.64),(144,'2018-07-11 09:09:03',1,2,143,17839,12.54),(145,'2018-07-11 09:09:03',1,2,144,17905,12.43),(146,'2018-07-11 09:09:03',1,2,145,18089,12.32),(147,'2018-07-11 09:09:03',1,2,146,18212,12.21),(148,'2018-07-11 09:09:03',1,2,147,18334,12.09),(149,'2018-07-11 09:09:03',1,2,148,18455,11.97),(150,'2018-07-11 09:09:03',1,2,149,18575,1.85),(151,'2018-07-11 09:09:03',1,2,150,18693,11.72),(152,'2018-07-11 09:09:04',1,2,151,18811,11.6),(153,'2018-07-11 09:09:04',1,2,152,18927,11.46),(154,'2018-07-11 09:09:04',1,2,153,19041,11.33),(155,'2018-07-11 09:09:04',1,2,154,19155,11.19),(156,'2018-07-11 09:09:04',1,2,155,19266,11.05),(157,'2018-07-11 09:09:04',1,2,156,19377,10.91),(158,'2018-07-11 09:09:04',1,2,157,19486,10.76),(159,'2018-07-11 09:09:04',1,2,158,19594,10.61),(160,'2018-07-11 09:09:04',1,2,159,19700,10.45),(161,'2018-07-11 09:09:05',1,2,160,19854,10.29),(162,'2018-07-11 09:09:05',1,2,161,19927,10.13),(163,'2018-07-11 09:09:05',1,2,162,20005,9.85),(164,'2018-07-11 09:09:05',1,2,163,20108,9.79),(165,'2018-07-11 09:09:05',1,2,164,20208,9.52),(166,'2018-07-11 09:09:05',1,2,165,20290,9.44),(167,'2018-07-11 09:09:05',1,2,166,20357,9.25),(168,'2018-07-11 09:09:05',1,2,167,20489,9.06),(169,'2018-07-11 09:09:05',1,2,168,20580,8.86),(170,'2018-07-11 09:09:05',1,2,169,20650,8.56),(171,'2018-07-11 09:09:06',1,2,170,20756,8.45),(172,'2018-07-11 09:09:06',1,2,171,20840,8.24),(173,'2018-07-11 09:09:06',1,2,172,20922,8.02),(174,'2018-07-11 09:09:06',1,2,173,21032,7.79),(175,'2018-07-11 09:09:06',1,2,174,21090,7.55),(176,'2018-07-11 09:09:06',1,2,175,21156,7.3),(177,'2018-07-11 09:09:06',1,2,176,21229,7.3),(178,'2018-07-11 09:09:06',1,2,177,21299,7.05),(179,'2018-07-11 09:09:06',1,2,178,21357,6.78),(180,'2018-07-11 09:09:07',1,2,179,21432,6.5),(181,'2018-07-11 09:09:07',1,2,180,21494,6.21),(182,'2018-07-11 09:09:07',1,2,181,21553,5.9),(183,'2018-07-11 09:09:07',1,2,182,21609,5.57),(184,'2018-07-11 09:09:07',1,2,183,21661,5.22),(185,'2018-07-11 09:09:07',1,2,184,21709,4.85),(186,'2018-07-11 09:09:08',1,2,185,21754,4.44),(187,'2018-07-11 09:09:08',1,2,186,21794,3.99),(188,'2018-07-11 09:09:08',1,2,187,21828,3.48),(189,'2018-07-11 09:09:08',1,2,188,21857,2.89),(190,'2018-07-11 09:09:08',1,2,189,21879,2.12),(191,'2018-07-11 09:09:08',1,2,189,21886,0.76),(383,'2018-07-11 09:09:18',1,1,0,6,3.76),(384,'2018-07-11 09:09:18',1,1,1,44,3.76),(385,'2018-07-11 09:09:18',1,1,2,82,4.66),(386,'2018-07-11 09:09:18',1,1,3,128,5.4),(387,'2018-07-11 09:09:19',1,1,4,182,6.06),(388,'2018-07-11 09:09:19',1,1,5,243,6.04),(389,'2018-07-11 09:09:19',1,1,6,309,7.17),(390,'2018-07-11 09:09:19',1,1,7,381,7.68),(391,'2018-07-11 09:09:19',1,1,8,458,8.14),(392,'2018-07-11 09:09:19',1,1,9,539,8.58),(393,'2018-07-11 09:09:19',1,1,10,625,9.01),(394,'2018-07-11 09:09:19',1,1,11,715,9.41),(395,'2018-07-11 09:09:19',1,1,12,809,9.79),(396,'2018-07-11 09:09:19',1,1,13,907,10.16),(397,'2018-07-11 09:09:19',1,1,14,1009,10.51),(398,'2018-07-11 09:09:19',1,1,15,1114,10.86),(399,'2018-07-11 09:09:19',1,1,16,1222,11.19),(400,'2018-07-11 09:09:19',1,1,17,1334,11.54),(401,'2018-07-11 09:09:19',1,1,18,1450,11.82),(402,'2018-07-11 09:09:19',1,1,19,1568,12.12),(403,'2018-07-11 09:09:19',1,1,20,1689,12.41),(404,'2018-07-11 09:09:20',1,1,21,1813,12.69),(405,'2018-07-11 09:09:20',1,1,22,1940,12.97),(406,'2018-07-11 09:09:20',1,1,23,2070,13.24),(407,'2018-07-11 09:09:20',1,1,24,2202,13.5),(408,'2018-07-11 09:09:20',1,1,25,2337,13.76),(409,'2018-07-11 09:09:20',1,1,26,2475,14.01),(410,'2018-07-11 09:09:20',1,1,27,2615,14.26),(411,'2018-07-11 09:09:20',1,1,28,2757,14.49),(412,'2018-07-11 09:09:20',1,1,29,2902,14.73),(413,'2018-07-11 09:09:20',1,1,30,3050,14.96),(414,'2018-07-11 09:09:20',1,1,31,3199,15.18),(415,'2018-07-11 09:09:20',1,1,32,3351,15.4),(416,'2018-07-11 09:09:20',1,1,33,3505,15.62),(417,'2018-07-11 09:09:21',1,1,34,3661,15.83),(418,'2018-07-11 09:09:21',1,1,35,3819,16.04),(419,'2018-07-11 09:09:21',1,1,36,3060,16.24),(420,'2018-07-11 09:09:21',1,1,37,4142,16.44),(421,'2018-07-11 09:09:21',1,1,38,4307,16.63),(422,'2018-07-11 09:09:21',1,1,39,4473,16.62),(423,'2018-07-11 09:09:21',1,1,40,4641,17.01),(424,'2018-07-11 09:09:21',1,1,41,4811,17.19),(425,'2018-07-11 09:09:21',1,1,42,4983,17.37),(426,'2018-07-11 09:09:21',1,1,43,5157,17.56),(427,'2018-07-11 09:09:21',1,1,44,5332,17.72),(428,'2018-07-11 09:09:21',1,1,45,5510,17.89),(429,'2018-07-11 09:09:22',1,1,46,5689,18.06),(430,'2018-07-11 09:09:22',1,1,47,5869,18.23),(431,'2018-07-11 09:09:22',1,1,48,6051,18.39),(432,'2018-07-11 09:09:22',1,1,49,6235,18.54),(433,'2018-07-11 09:09:22',1,1,50,6421,18.7),(434,'2018-07-11 09:09:22',1,1,51,6608,18.85),(435,'2018-07-11 09:09:22',1,1,52,6796,19),(436,'2018-07-11 09:09:22',1,1,53,6966,19.15),(437,'2018-07-11 09:09:22',1,1,54,7178,19.29),(438,'2018-07-11 09:09:22',1,1,55,7371,19.43),(439,'2018-07-11 09:09:22',1,1,56,7565,19.57),(440,'2018-07-11 09:09:22',1,1,57,7761,19.7),(441,'2018-07-11 09:09:22',1,1,58,7958,19.84),(442,'2018-07-11 09:09:22',1,1,59,8156,19.97),(443,'2018-07-11 09:09:23',1,1,60,8356,20.09),(444,'2018-07-11 09:09:23',1,1,61,8557,20.22),(445,'2018-07-11 09:09:23',1,1,62,8759,20.34),(446,'2018-07-11 09:09:23',1,1,63,8962,20.46),(447,'2018-07-11 09:09:23',1,1,64,9167,20.56),(448,'2018-07-11 09:09:23',1,1,65,9372,20.79),(449,'2018-07-11 09:09:23',1,1,66,9580,20.81),(450,'2018-07-11 09:09:23',1,1,67,9788,20.92),(451,'2018-07-11 09:09:23',1,1,68,9997,21),(452,'2018-07-11 09:09:23',1,1,69,10207,21.13),(453,'2018-07-11 09:09:23',1,1,70,10418,21.24),(454,'2018-07-11 09:09:23',1,1,71,10631,21.34),(455,'2018-07-11 09:09:23',1,1,72,10844,21.44),(456,'2018-07-11 09:09:23',1,1,73,11098,21.53),(457,'2018-07-11 09:09:24',1,1,74,11274,21.63),(458,'2018-07-11 09:09:24',1,1,75,11490,21.72),(459,'2018-07-11 09:09:24',1,1,76,11707,21.81),(460,'2018-07-11 09:09:24',1,1,77,11925,21.89),(461,'2018-07-11 09:09:24',1,1,78,12144,21.98),(462,'2018-07-11 09:09:24',1,1,79,12364,22.06),(463,'2018-07-11 09:09:24',1,1,80,12585,22.14),(464,'2018-07-11 09:09:24',1,1,81,12806,22.22),(465,'2018-07-11 09:09:24',1,1,82,13028,22.3),(466,'2018-07-11 09:09:24',1,1,83,13251,22.37),(467,'2018-07-11 09:09:24',1,1,84,13475,22.45),(468,'2018-07-11 09:09:24',1,1,85,13700,22.52),(469,'2018-07-11 09:09:24',1,1,86,13925,22.58),(470,'2018-07-11 09:09:24',1,1,87,14151,22.65),(471,'2018-07-11 09:09:25',1,1,88,14377,22.71),(472,'2018-07-11 09:09:25',1,1,89,14604,22.78),(473,'2018-07-11 09:09:25',1,1,90,14832,22.84),(474,'2018-07-11 09:09:25',1,1,91,15060,22.89),(475,'2018-07-11 09:09:25',1,1,92,15289,22.95),(476,'2018-07-11 09:09:25',1,1,93,15519,23),(477,'2018-07-11 09:09:25',1,1,94,15749,23.05),(478,'2018-07-11 09:09:26',1,1,95,15979,23.1),(479,'2018-07-11 09:09:26',1,1,96,16211,23.15),(480,'2018-07-11 09:09:26',1,1,97,16442,23.2),(481,'2018-07-11 09:09:26',1,1,98,16674,23.24),(482,'2018-07-11 09:09:26',1,1,99,16904,23.28),(483,'2018-07-11 09:09:26',1,1,100,17139,23.32),(484,'2018-07-11 09:09:26',1,1,101,17372,23.36),(485,'2018-07-11 09:09:26',1,1,102,17606,23.39),(486,'2018-07-11 09:09:26',1,1,103,17840,23.43),(487,'2018-07-11 09:09:27',1,1,104,18074,23.46),(488,'2018-07-11 09:09:27',1,1,105,18309,23.49),(489,'2018-07-11 09:09:27',1,1,106,18544,23.51),(490,'2018-07-11 09:09:27',1,1,107,18779,23.54),(491,'2018-07-11 09:09:27',1,1,108,19014,23.56),(492,'2018-07-11 09:09:27',1,1,109,19250,23.58),(493,'2018-07-11 09:09:27',1,1,110,19466,23.6),(494,'2018-07-11 09:09:27',1,1,111,19722,23.62),(495,'2018-07-11 09:09:27',1,1,112,19958,23.64),(496,'2018-07-11 09:09:27',1,1,113,20194,23.65),(497,'2018-07-11 09:09:28',1,1,114,20431,23.66),(498,'2018-07-11 09:09:28',1,1,115,20667,23.67),(499,'2018-07-11 09:09:28',1,1,116,20904,23.68),(500,'2018-07-11 09:09:28',1,1,117,21141,23.68),(501,'2018-07-11 09:09:28',1,1,118,21378,23.69),(502,'2018-07-11 09:09:28',1,1,119,21615,23.69),(503,'2018-07-11 09:09:28',1,1,120,21852,23.69),(504,'2018-07-11 09:09:28',1,1,121,22068,23.69),(505,'2018-07-11 09:09:28',1,1,122,22325,23.68),(506,'2018-07-11 09:09:28',1,1,123,22562,23.68),(507,'2018-07-11 09:09:28',1,1,124,22799,23.67),(508,'2018-07-11 09:09:28',1,1,125,23036,23.66),(509,'2018-07-11 09:09:28',1,1,126,23272,23.65),(510,'2018-07-11 09:09:28',1,1,127,23509,23.63),(511,'2018-07-11 09:09:28',1,1,128,23745,23.61),(512,'2018-07-11 09:09:28',1,1,129,23961,23.6),(513,'2018-07-11 09:09:29',1,1,130,24217,23.58),(514,'2018-07-11 09:09:29',1,1,131,24453,23.55),(515,'2018-07-11 09:09:29',1,1,132,24688,23.53),(516,'2018-07-11 09:09:29',1,1,133,24924,23.5),(517,'2018-07-11 09:09:29',1,1,134,25159,23.48),(518,'2018-07-11 09:09:29',1,1,135,25393,23.45),(519,'2018-07-11 09:09:29',1,1,136,25628,23.41),(520,'2018-07-11 09:09:29',1,1,137,25862,23.38),(521,'2018-07-11 09:09:29',1,1,138,26096,23.34),(522,'2018-07-11 09:09:29',1,1,139,26329,23.31),(523,'2018-07-11 09:09:29',1,1,140,26562,23.27),(524,'2018-07-11 09:09:29',1,1,141,26795,23.22),(525,'2018-07-11 09:09:29',1,1,142,27027,23.18),(526,'2018-07-11 09:09:29',1,1,143,27259,23.13),(527,'2018-07-11 09:09:30',1,1,144,27490,23.08),(528,'2018-07-11 09:09:30',1,1,145,27721,23.03),(529,'2018-07-11 09:09:30',1,1,146,27952,22.96),(530,'2018-07-11 09:09:31',1,1,147,28181,22.93),(531,'2018-07-11 09:09:31',1,1,148,28411,22.87),(532,'2018-07-11 09:09:31',1,1,149,28639,22.81),(533,'2018-07-11 09:09:31',1,1,150,28868,22.75),(534,'2018-07-11 09:09:31',1,1,151,29095,22.69),(535,'2018-07-11 09:09:31',1,1,152,29322,23.62),(536,'2018-07-11 09:09:31',1,1,153,29548,22.56),(537,'2018-07-11 09:09:31',1,1,154,29774,22.49),(538,'2018-07-11 09:09:31',1,1,155,29999,22.42),(539,'2018-07-11 09:09:31',1,1,156,30223,22.34),(540,'2018-07-11 09:09:31',1,1,157,30446,22.27),(541,'2018-07-11 09:09:31',1,1,158,30669,22.19),(542,'2018-07-11 09:09:31',1,1,159,30891,22.11),(543,'2018-07-11 09:09:32',1,1,160,31112,22.03),(544,'2018-07-11 09:09:32',1,1,161,31332,21.95),(545,'2018-07-11 09:09:32',1,1,162,31552,21.86),(546,'2018-07-11 09:09:32',1,1,163,31770,21.77),(547,'2018-07-11 09:09:32',1,1,164,31968,21.68),(548,'2018-07-11 09:09:32',1,1,165,32205,21.59),(549,'2018-07-11 09:09:32',1,1,166,32421,21.49),(550,'2018-07-11 09:09:32',1,1,167,32636,21.4),(551,'2018-07-11 09:09:32',1,1,168,32850,21.3),(552,'2018-07-11 09:09:32',1,1,169,33063,21.19),(553,'2018-07-11 09:09:32',1,1,170,33275,21.09),(554,'2018-07-11 09:09:32',1,1,171,33485,20.98),(555,'2018-07-11 09:09:32',1,1,172,33695,20.87),(556,'2018-07-11 09:09:32',1,1,173,33904,20.76),(557,'2018-07-11 09:09:33',1,1,174,34112,20.65),(558,'2018-07-11 09:09:33',1,1,175,34318,20.53),(559,'2018-07-11 09:09:33',1,1,176,34524,20.41),(560,'2018-07-11 09:09:33',1,1,177,34728,20.29),(561,'2018-07-11 09:09:33',1,1,178,34931,20.17),(562,'2018-07-11 09:09:33',1,1,179,35132,20.04),(563,'2018-07-11 09:09:33',1,1,180,35333,19.92),(564,'2018-07-11 09:09:33',1,1,181,35532,19.78),(565,'2018-07-11 09:09:33',1,1,182,35730,19.65),(566,'2018-07-11 09:09:33',1,1,183,35926,19.51),(567,'2018-07-11 09:09:33',1,1,184,36121,19.37),(568,'2018-07-11 09:09:33',1,1,185,36315,19.23),(569,'2018-07-11 09:09:33',1,1,186,36507,19.09),(570,'2018-07-11 09:09:34',1,1,187,36698,18.94),(571,'2018-07-11 09:09:34',1,1,188,36888,18.79),(572,'2018-07-11 09:09:34',1,1,189,37076,18.64),(573,'2018-07-11 09:09:34',1,1,190,37262,18.48),(574,'2018-07-11 09:09:34',1,1,191,37447,18.32),(575,'2018-07-11 09:09:34',1,1,192,37630,18.16),(576,'2018-07-11 09:09:34',1,1,193,37812,18),(577,'2018-07-11 09:09:34',1,1,194,37992,17.83),(578,'2018-07-11 09:09:34',1,1,195,38170,17.66),(579,'2018-07-11 09:09:34',1,1,196,38346,17.48),(580,'2018-07-11 09:09:34',1,1,197,38521,17.3),(581,'2018-07-11 09:09:34',1,1,198,38694,17.12),(582,'2018-07-11 09:09:34',1,1,199,38865,16.94),(583,'2018-07-11 09:09:35',1,1,200,39035,16.75),(584,'2018-07-11 09:09:35',1,1,201,39202,16.55),(585,'2018-07-11 09:09:35',1,1,202,39368,16.36),(586,'2018-07-11 09:09:35',1,1,203,39531,16.16),(587,'2018-07-11 09:09:35',1,1,204,39693,15.95),(588,'2018-07-11 09:09:35',1,1,205,39853,15.74),(589,'2018-07-11 09:09:35',1,1,206,40010,15.53),(590,'2018-07-11 09:09:35',1,1,207,40165,15.32),(591,'2018-07-11 09:09:36',1,1,208,40318,15.09),(592,'2018-07-11 09:09:36',1,1,209,40469,14.86),(593,'2018-07-11 09:09:36',1,1,210,40618,14.64),(594,'2018-07-11 09:09:36',1,1,211,40764,14.4),(595,'2018-07-11 09:09:36',1,1,212,40908,14.16),(596,'2018-07-11 09:09:36',1,1,213,41050,13.91),(597,'2018-07-11 09:09:36',1,1,214,41189,13.66),(598,'2018-07-11 09:09:36',1,1,215,41326,13.4),(599,'2018-07-11 09:09:36',1,1,216,41460,13.13),(600,'2018-07-11 09:09:36',1,1,217,41591,12.86),(601,'2018-07-11 09:09:36',1,1,218,41720,12.58),(602,'2018-07-11 09:09:36',1,1,219,41845,12.29),(603,'2018-07-11 09:09:36',1,1,220,41968,12),(604,'2018-07-11 09:09:37',1,1,221,42088,11.69),(605,'2018-07-11 09:09:37',1,1,222,42205,11.38),(606,'2018-07-11 09:09:37',1,1,223,42319,11.06),(607,'2018-07-11 09:09:37',1,1,224,42430,10.72),(608,'2018-07-11 09:09:37',1,1,225,42537,10.37),(609,'2018-07-11 09:09:37',1,1,226,42640,10.01),(610,'2018-07-11 09:09:37',1,1,227,42741,9.54),(611,'2018-07-11 09:09:37',1,1,228,42837,9.25),(612,'2018-07-11 09:09:37',1,1,229,42930,8.84),(613,'2018-07-11 09:09:37',1,1,230,43018,8.41),(614,'2018-07-11 09:09:37',1,1,231,43102,7.96),(615,'2018-07-11 09:09:37',1,1,232,43182,7.48),(616,'2018-07-11 09:09:37',1,1,233,43256,6.96),(617,'2018-07-11 09:09:37',1,1,234,43326,6.41),(618,'2018-07-11 09:09:38',1,1,235,43390,5.8),(619,'2018-07-11 09:09:38',1,1,236,43448,5.11),(620,'2018-07-11 09:09:38',1,1,237,43499,4.33),(621,'2018-07-11 09:09:38',1,1,238,43543,3.36),(622,'2018-07-11 09:09:38',1,1,239,43576,1.95),(623,'2018-07-11 09:09:38',1,1,240,43596,0.04),(1376,'2018-09-14 05:37:03',3,2,0,6,3),(1377,'2018-09-14 05:37:03',3,2,1,36,2.75),(1378,'2018-09-14 05:37:03',3,2,2,63,3.37),(1379,'2018-09-14 05:37:03',3,2,3,97,3.9),(1380,'2018-09-14 05:37:03',3,2,4,136,4.36),(1381,'2018-09-14 05:37:03',3,2,5,179,4.77),(1382,'2018-09-14 05:37:03',3,2,6,227,5.15),(1383,'2018-09-14 05:37:03',3,2,7,279,5.5),(1384,'2018-09-14 05:37:03',3,2,8,334,5.83),(1385,'2018-09-14 05:37:03',3,2,9,392,6.14),(1386,'2018-09-14 05:37:03',3,2,10,453,6.44),(1387,'2018-09-14 05:37:03',3,2,11,516,6.72),(1388,'2018-09-14 05:37:03',3,2,12,585,6.99),(1389,'2018-09-14 05:37:03',3,2,13,655,7.25),(1390,'2018-09-14 05:37:03',3,2,14,727,7.5),(1391,'2018-09-14 05:37:03',3,2,15,803,7.74),(1392,'2018-09-14 05:37:03',3,2,16,880,8),(1393,'2018-09-14 05:37:03',3,2,17,960,8.19),(1394,'2018-09-14 05:37:03',3,2,18,1024,8.41),(1395,'2018-09-14 05:37:03',3,2,19,1126,8.62),(1396,'2018-09-14 05:37:03',3,2,20,1212,8.82),(1397,'2018-09-14 05:37:03',3,2,21,1300,9.02),(1398,'2018-09-14 05:37:03',3,2,22,1391,9.21),(1399,'2018-09-14 05:37:03',3,2,23,1483,9.4),(1400,'2018-09-14 05:37:03',3,2,24,1577,9.58),(1401,'2018-09-14 05:37:03',3,2,25,1673,9.76),(1402,'2018-09-14 05:37:03',3,2,26,1770,9.93),(1403,'2018-09-14 05:37:03',3,2,27,1869,10.1),(1404,'2018-09-14 05:37:03',3,2,28,1970,10.26),(1405,'2018-09-14 05:37:03',3,2,29,2073,10.42),(1406,'2018-09-14 05:37:03',3,2,30,2177,10.56),(1407,'2018-09-14 05:37:03',3,2,31,2283,10.73),(1408,'2018-09-14 05:37:03',3,2,32,2390,10.88),(1409,'2018-09-14 05:37:03',3,2,33,2499,11.02),(1410,'2018-09-14 05:37:03',3,2,34,2609,11.16),(1411,'2018-09-14 05:37:03',3,2,35,2721,11.3),(1412,'2018-09-14 05:37:03',3,2,36,2834,11.44),(1413,'2018-09-14 05:37:03',3,2,37,2948,11.57),(1414,'2018-09-14 05:37:03',3,2,38,3064,11.7),(1415,'2018-09-14 05:37:03',3,2,39,3181,11.82),(1416,'2018-09-14 05:37:03',3,2,40,3299,11.95),(1417,'2018-09-14 05:37:03',3,2,41,3419,12.07),(1418,'2018-09-14 05:37:03',3,2,42,3540,12.18),(1419,'2018-09-14 05:37:03',3,2,43,3661,12.3),(1420,'2018-09-14 05:37:03',3,2,44,3784,12.41),(1421,'2018-09-14 05:37:03',3,2,45,3908,12.52),(1422,'2018-09-14 05:37:03',3,2,46,4034,12.62),(1423,'2018-09-14 05:37:03',3,2,47,4160,12.73),(1424,'2018-09-14 05:37:03',3,2,48,4287,12.83),(1425,'2018-09-14 05:37:03',3,2,49,4415,12.93),(1426,'2018-09-14 05:37:03',3,2,50,4545,13.02),(1427,'2018-09-14 05:37:03',3,2,51,4675,13.12),(1428,'2018-09-14 05:37:03',3,2,52,4806,13.21),(1429,'2018-09-14 05:37:03',3,2,53,4938,13.3),(1430,'2018-09-14 05:37:03',3,2,54,5071,13.38),(1431,'2018-09-14 05:37:03',3,2,55,5205,13.46),(1432,'2018-09-14 05:37:03',3,2,56,5340,13.55),(1433,'2018-09-14 05:37:03',3,2,57,5475,13.63),(1434,'2018-09-14 05:37:03',3,2,58,5611,13.7),(1435,'2018-09-14 05:37:03',3,2,59,5748,13.78),(1436,'2018-09-14 05:37:03',3,2,60,5886,13.85),(1437,'2018-09-14 05:37:03',3,2,61,6025,13.92),(1438,'2018-09-14 05:37:03',3,2,62,6164,13.99),(1439,'2018-09-14 05:37:03',3,2,63,6304,14.05),(1440,'2018-09-14 05:37:03',3,2,64,6444,14.12),(1441,'2018-09-14 05:37:03',3,2,65,6585,14.18),(1442,'2018-09-14 05:37:03',3,2,66,5727,14.24),(1443,'2018-09-14 05:37:03',3,2,67,5869,14.29),(1444,'2018-09-14 05:37:03',3,2,68,7012,14.35),(1445,'2018-09-14 05:37:03',3,2,69,7156,14.4),(1446,'2018-09-14 05:37:03',3,2,70,7300,14.45),(1447,'2018-09-14 05:37:03',3,2,71,7444,14.5),(1448,'2018-09-14 05:37:03',3,2,72,7589,14.54),(1449,'2018-09-14 05:37:03',3,2,73,7735,14.59),(1450,'2018-09-14 05:37:03',3,2,74,7881,14.63),(1451,'2018-09-14 05:37:03',3,2,75,8027,14.67),(1452,'2018-09-14 05:37:03',3,2,76,8173,14.71),(1453,'2018-09-14 05:37:03',3,2,77,8321,14.74),(1454,'2018-09-14 05:37:03',3,2,78,8468,14.78),(1455,'2018-09-14 05:37:03',3,2,79,8616,14.81),(1456,'2018-09-14 05:37:03',3,2,80,8754,14.84),(1457,'2018-09-14 05:37:03',3,2,81,8912,14.87),(1458,'2018-09-14 05:37:03',3,2,82,9061,14.89),(1459,'2018-09-14 05:37:03',3,2,83,9210,14.91),(1460,'2018-09-14 05:37:03',3,2,84,9359,14.94),(1461,'2018-09-14 05:37:03',3,2,85,9508,14.96),(1462,'2018-09-14 05:37:03',3,2,86,9658,14.97),(1463,'2018-09-14 05:37:03',3,2,87,9808,14.99),(1464,'2018-09-14 05:37:03',3,2,88,9957,15),(1465,'2018-09-14 05:37:03',3,2,89,10107,15.01),(1466,'2018-09-14 05:37:03',3,2,90,10258,15.02),(1467,'2018-09-14 05:37:03',3,2,91,10408,15.03),(1468,'2018-09-14 05:37:03',3,2,92,10558,15.03),(1469,'2018-09-14 05:37:03',3,2,93,10708,15.04),(1470,'2018-09-14 05:37:03',3,2,94,10859,15.04),(1471,'2018-09-14 05:37:03',3,2,95,11009,15.04),(1472,'2018-09-14 05:37:03',3,2,96,11100,15.09),(1473,'2018-09-14 05:37:03',3,2,97,11310,15.09),(1474,'2018-09-14 05:37:03',3,2,98,11460,15.02),(1475,'2018-09-14 05:37:03',3,2,99,11610,15.01),(1476,'2018-09-14 05:37:03',3,2,100,11761,15),(1477,'2018-09-14 05:37:03',3,2,101,11911,14.99),(1478,'2018-09-14 05:37:03',3,2,102,12061,14.96),(1479,'2018-09-14 05:37:03',3,2,103,12210,14.96),(1480,'2018-09-14 05:37:03',3,2,104,12360,14.94),(1481,'2018-09-14 05:37:03',3,2,105,12509,14.92),(1482,'2018-09-14 05:37:03',3,2,106,12568,14.9),(1483,'2018-09-14 05:37:03',3,2,107,12607,14.87),(1484,'2018-09-14 05:37:03',3,2,108,12950,14.84),(1485,'2018-09-14 05:37:03',3,2,109,13105,14.81),(1486,'2018-09-14 05:37:03',3,2,110,13253,14.78),(1487,'2018-09-14 05:37:03',3,2,111,13401,14.75),(1488,'2018-09-14 05:37:03',3,2,112,13548,14.71),(1489,'2018-09-14 05:37:03',3,2,113,13605,14.66),(1490,'2018-09-14 05:37:03',3,2,114,13842,14.64),(1491,'2018-09-14 05:37:03',3,2,115,13088,14.6),(1492,'2018-09-14 05:37:03',3,2,116,14134,14.55),(1493,'2018-09-14 05:37:03',3,2,117,14280,14.51),(1494,'2018-09-14 05:37:03',3,2,118,14425,14.46),(1495,'2018-09-14 05:37:03',3,2,119,14570,14.41),(1496,'2018-09-14 05:37:03',3,2,120,14714,14.36),(1497,'2018-09-14 05:37:03',3,2,121,14857,14.3),(1498,'2018-09-14 05:37:03',3,2,122,15000,14.25),(1499,'2018-09-14 05:37:03',3,2,123,15143,14.19),(1500,'2018-09-14 05:37:03',3,2,124,15285,14.13),(1501,'2018-09-14 05:37:03',3,2,125,15426,14.06),(1502,'2018-09-14 05:37:03',3,2,126,15566,14),(1503,'2018-09-14 05:37:03',3,2,127,15706,13.93),(1504,'2018-09-14 05:37:03',3,2,128,15846,13.85),(1505,'2018-09-14 05:37:03',3,2,129,15964,1379),(1506,'2018-09-14 05:37:03',3,2,130,16122,13.72),(1507,'2018-09-14 05:37:03',3,2,131,16280,13.64),(1508,'2018-09-14 05:37:03',3,2,132,16394,13.56),(1509,'2018-09-14 05:37:03',3,2,133,16532,13.48),(1510,'2018-09-14 05:37:03',3,2,134,16600,13.4),(1511,'2018-09-14 05:37:03',3,2,135,16800,13.31),(1512,'2018-09-14 05:37:03',3,2,136,16933,13.22),(1513,'2018-09-14 05:37:03',3,2,137,17006,13.13),(1514,'2018-09-14 05:37:03',3,2,138,17187,13.04),(1515,'2018-09-14 05:37:03',3,2,139,17327,12.95),(1516,'2018-09-14 05:37:03',3,2,140,17457,12.85),(1517,'2018-09-14 05:37:03',3,2,141,17585,12.75),(1518,'2018-09-14 05:37:03',3,2,142,17713,12.64),(1519,'2018-09-14 05:37:03',3,2,143,17839,12.54),(1520,'2018-09-14 05:37:03',3,2,144,17905,12.43),(1521,'2018-09-14 05:37:03',3,2,145,18089,12.32),(1522,'2018-09-14 05:37:03',3,2,146,18212,12.21),(1523,'2018-09-14 05:37:03',3,2,147,18334,12.09),(1524,'2018-09-14 05:37:03',3,2,148,18455,11.97),(1525,'2018-09-14 05:37:03',3,2,149,18575,1.85),(1526,'2018-09-14 05:37:03',3,2,150,18693,11.72),(1527,'2018-09-14 05:37:03',3,2,151,18811,11.6),(1528,'2018-09-14 05:37:03',3,2,152,18927,11.46),(1529,'2018-09-14 05:37:03',3,2,153,19041,11.33),(1530,'2018-09-14 05:37:03',3,2,154,19155,11.19),(1531,'2018-09-14 05:37:03',3,2,155,19266,11.05),(1532,'2018-09-14 05:37:03',3,2,156,19377,10.91),(1533,'2018-09-14 05:37:03',3,2,157,19486,10.76),(1534,'2018-09-14 05:37:03',3,2,158,19594,10.61),(1535,'2018-09-14 05:37:03',3,2,159,19700,10.45),(1536,'2018-09-14 05:37:03',3,2,160,19854,10.29),(1537,'2018-09-14 05:37:03',3,2,161,19927,10.13),(1538,'2018-09-14 05:37:03',3,2,162,20005,9.85),(1539,'2018-09-14 05:37:03',3,2,163,20108,9.79),(1540,'2018-09-14 05:37:03',3,2,164,20208,9.52),(1541,'2018-09-14 05:37:03',3,2,165,20290,9.44),(1542,'2018-09-14 05:37:03',3,2,166,20357,9.25),(1543,'2018-09-14 05:37:03',3,2,167,20489,9.06),(1544,'2018-09-14 05:37:03',3,2,168,20580,8.86),(1545,'2018-09-14 05:37:03',3,2,169,20650,8.56),(1546,'2018-09-14 05:37:03',3,2,170,20756,8.45),(1547,'2018-09-14 05:37:03',3,2,171,20840,8.24),(1548,'2018-09-14 05:37:03',3,2,172,20922,8.02),(1549,'2018-09-14 05:37:03',3,2,173,21032,7.79),(1550,'2018-09-14 05:37:03',3,2,174,21090,7.55),(1551,'2018-09-14 05:37:03',3,2,175,21156,7.3),(1552,'2018-09-14 05:37:03',3,2,176,21229,7.3),(1553,'2018-09-14 05:37:03',3,2,177,21299,7.05),(1554,'2018-09-14 05:37:03',3,2,178,21357,6.78),(1555,'2018-09-14 05:37:03',3,2,179,21432,6.5),(1556,'2018-09-14 05:37:03',3,2,180,21494,6.21),(1557,'2018-09-14 05:37:03',3,2,181,21553,5.9),(1558,'2018-09-14 05:37:03',3,2,182,21609,5.57),(1559,'2018-09-14 05:37:03',3,2,183,21661,5.22),(1560,'2018-09-14 05:37:03',3,2,184,21709,4.85),(1561,'2018-09-14 05:37:03',3,2,185,21754,4.44),(1562,'2018-09-14 05:37:03',3,2,186,21794,3.99),(1563,'2018-09-14 05:37:03',3,2,187,21828,3.48),(1564,'2018-09-14 05:37:03',3,2,188,21857,2.89),(1565,'2018-09-14 05:37:03',3,2,189,21879,2.12),(1566,'2018-09-14 05:37:03',3,2,189,21886,0.76),(1567,'2018-09-14 05:37:03',3,1,0,6,3.76),(1568,'2018-09-14 05:37:03',3,1,1,44,3.76),(1569,'2018-09-14 05:37:03',3,1,2,82,4.66),(1570,'2018-09-14 05:37:03',3,1,3,128,5.4),(1571,'2018-09-14 05:37:03',3,1,4,182,6.06),(1572,'2018-09-14 05:37:03',3,1,5,243,6.04),(1573,'2018-09-14 05:37:03',3,1,6,309,7.17),(1574,'2018-09-14 05:37:03',3,1,7,381,7.68),(1575,'2018-09-14 05:37:03',3,1,8,458,8.14),(1576,'2018-09-14 05:37:03',3,1,9,539,8.58),(1577,'2018-09-14 05:37:03',3,1,10,625,9.01),(1578,'2018-09-14 05:37:03',3,1,11,715,9.41),(1579,'2018-09-14 05:37:03',3,1,12,809,9.79),(1580,'2018-09-14 05:37:03',3,1,13,907,10.16),(1581,'2018-09-14 05:37:03',3,1,14,1009,10.51),(1582,'2018-09-14 05:37:03',3,1,15,1114,10.86),(1583,'2018-09-14 05:37:03',3,1,16,1222,11.19),(1584,'2018-09-14 05:37:03',3,1,17,1334,11.54),(1585,'2018-09-14 05:37:03',3,1,18,1450,11.82),(1586,'2018-09-14 05:37:03',3,1,19,1568,12.12),(1587,'2018-09-14 05:37:03',3,1,20,1689,12.41),(1588,'2018-09-14 05:37:03',3,1,21,1813,12.69),(1589,'2018-09-14 05:37:03',3,1,22,1940,12.97),(1590,'2018-09-14 05:37:03',3,1,23,2070,13.24),(1591,'2018-09-14 05:37:03',3,1,24,2202,13.5),(1592,'2018-09-14 05:37:03',3,1,25,2337,13.76),(1593,'2018-09-14 05:37:03',3,1,26,2475,14.01),(1594,'2018-09-14 05:37:03',3,1,27,2615,14.26),(1595,'2018-09-14 05:37:03',3,1,28,2757,14.49),(1596,'2018-09-14 05:37:03',3,1,29,2902,14.73),(1597,'2018-09-14 05:37:03',3,1,30,3050,14.96),(1598,'2018-09-14 05:37:03',3,1,31,3199,15.18),(1599,'2018-09-14 05:37:03',3,1,32,3351,15.4),(1600,'2018-09-14 05:37:03',3,1,33,3505,15.62),(1601,'2018-09-14 05:37:03',3,1,34,3661,15.83),(1602,'2018-09-14 05:37:03',3,1,35,3819,16.04),(1603,'2018-09-14 05:37:03',3,1,36,3060,16.24),(1604,'2018-09-14 05:37:03',3,1,37,4142,16.44),(1605,'2018-09-14 05:37:03',3,1,38,4307,16.63),(1606,'2018-09-14 05:37:03',3,1,39,4473,16.62),(1607,'2018-09-14 05:37:03',3,1,40,4641,17.01),(1608,'2018-09-14 05:37:03',3,1,41,4811,17.19),(1609,'2018-09-14 05:37:03',3,1,42,4983,17.37),(1610,'2018-09-14 05:37:03',3,1,43,5157,17.56),(1611,'2018-09-14 05:37:03',3,1,44,5332,17.72),(1612,'2018-09-14 05:37:03',3,1,45,5510,17.89),(1613,'2018-09-14 05:37:03',3,1,46,5689,18.06),(1614,'2018-09-14 05:37:03',3,1,47,5869,18.23),(1615,'2018-09-14 05:37:03',3,1,48,6051,18.39),(1616,'2018-09-14 05:37:03',3,1,49,6235,18.54),(1617,'2018-09-14 05:37:03',3,1,50,6421,18.7),(1618,'2018-09-14 05:37:03',3,1,51,6608,18.85),(1619,'2018-09-14 05:37:03',3,1,52,6796,19),(1620,'2018-09-14 05:37:03',3,1,53,6966,19.15),(1621,'2018-09-14 05:37:03',3,1,54,7178,19.29),(1622,'2018-09-14 05:37:03',3,1,55,7371,19.43),(1623,'2018-09-14 05:37:03',3,1,56,7565,19.57),(1624,'2018-09-14 05:37:03',3,1,57,7761,19.7),(1625,'2018-09-14 05:37:03',3,1,58,7958,19.84),(1626,'2018-09-14 05:37:03',3,1,59,8156,19.97),(1627,'2018-09-14 05:37:03',3,1,60,8356,20.09),(1628,'2018-09-14 05:37:03',3,1,61,8557,20.22),(1629,'2018-09-14 05:37:03',3,1,62,8759,20.34),(1630,'2018-09-14 05:37:03',3,1,63,8962,20.46),(1631,'2018-09-14 05:37:03',3,1,64,9167,20.56),(1632,'2018-09-14 05:37:03',3,1,65,9372,20.79),(1633,'2018-09-14 05:37:03',3,1,66,9580,20.81),(1634,'2018-09-14 05:37:03',3,1,67,9788,20.92),(1635,'2018-09-14 05:37:03',3,1,68,9997,21),(1636,'2018-09-14 05:37:03',3,1,69,10207,21.13),(1637,'2018-09-14 05:37:03',3,1,70,10418,21.24),(1638,'2018-09-14 05:37:03',3,1,71,10631,21.34),(1639,'2018-09-14 05:37:03',3,1,72,10844,21.44),(1640,'2018-09-14 05:37:03',3,1,73,11098,21.53),(1641,'2018-09-14 05:37:03',3,1,74,11274,21.63),(1642,'2018-09-14 05:37:03',3,1,75,11490,21.72),(1643,'2018-09-14 05:37:03',3,1,76,11707,21.81),(1644,'2018-09-14 05:37:03',3,1,77,11925,21.89),(1645,'2018-09-14 05:37:03',3,1,78,12144,21.98),(1646,'2018-09-14 05:37:03',3,1,79,12364,22.06),(1647,'2018-09-14 05:37:03',3,1,80,12585,22.14),(1648,'2018-09-14 05:37:03',3,1,81,12806,22.22),(1649,'2018-09-14 05:37:03',3,1,82,13028,22.3),(1650,'2018-09-14 05:37:03',3,1,83,13251,22.37),(1651,'2018-09-14 05:37:03',3,1,84,13475,22.45),(1652,'2018-09-14 05:37:03',3,1,85,13700,22.52),(1653,'2018-09-14 05:37:03',3,1,86,13925,22.58),(1654,'2018-09-14 05:37:03',3,1,87,14151,22.65),(1655,'2018-09-14 05:37:03',3,1,88,14377,22.71),(1656,'2018-09-14 05:37:03',3,1,89,14604,22.78),(1657,'2018-09-14 05:37:03',3,1,90,14832,22.84),(1658,'2018-09-14 05:37:03',3,1,91,15060,22.89),(1659,'2018-09-14 05:37:03',3,1,92,15289,22.95),(1660,'2018-09-14 05:37:03',3,1,93,15519,23),(1661,'2018-09-14 05:37:03',3,1,94,15749,23.05),(1662,'2018-09-14 05:37:03',3,1,95,15979,23.1),(1663,'2018-09-14 05:37:03',3,1,96,16211,23.15),(1664,'2018-09-14 05:37:03',3,1,97,16442,23.2),(1665,'2018-09-14 05:37:03',3,1,98,16674,23.24),(1666,'2018-09-14 05:37:03',3,1,99,16904,23.28),(1667,'2018-09-14 05:37:03',3,1,100,17139,23.32),(1668,'2018-09-14 05:37:03',3,1,101,17372,23.36),(1669,'2018-09-14 05:37:03',3,1,102,17606,23.39),(1670,'2018-09-14 05:37:03',3,1,103,17840,23.43),(1671,'2018-09-14 05:37:03',3,1,104,18074,23.46),(1672,'2018-09-14 05:37:03',3,1,105,18309,23.49),(1673,'2018-09-14 05:37:03',3,1,106,18544,23.51),(1674,'2018-09-14 05:37:03',3,1,107,18779,23.54),(1675,'2018-09-14 05:37:03',3,1,108,19014,23.56),(1676,'2018-09-14 05:37:03',3,1,109,19250,23.58),(1677,'2018-09-14 05:37:03',3,1,110,19466,23.6),(1678,'2018-09-14 05:37:03',3,1,111,19722,23.62),(1679,'2018-09-14 05:37:03',3,1,112,19958,23.64),(1680,'2018-09-14 05:37:03',3,1,113,20194,23.65),(1681,'2018-09-14 05:37:03',3,1,114,20431,23.66),(1682,'2018-09-14 05:37:03',3,1,115,20667,23.67),(1683,'2018-09-14 05:37:03',3,1,116,20904,23.68),(1684,'2018-09-14 05:37:03',3,1,117,21141,23.68),(1685,'2018-09-14 05:37:03',3,1,118,21378,23.69),(1686,'2018-09-14 05:37:03',3,1,119,21615,23.69),(1687,'2018-09-14 05:37:03',3,1,120,21852,23.69),(1688,'2018-09-14 05:37:03',3,1,121,22068,23.69),(1689,'2018-09-14 05:37:03',3,1,122,22325,23.68),(1690,'2018-09-14 05:37:03',3,1,123,22562,23.68),(1691,'2018-09-14 05:37:03',3,1,124,22799,23.67),(1692,'2018-09-14 05:37:03',3,1,125,23036,23.66),(1693,'2018-09-14 05:37:03',3,1,126,23272,23.65),(1694,'2018-09-14 05:37:03',3,1,127,23509,23.63),(1695,'2018-09-14 05:37:03',3,1,128,23745,23.61),(1696,'2018-09-14 05:37:03',3,1,129,23961,23.6),(1697,'2018-09-14 05:37:03',3,1,130,24217,23.58),(1698,'2018-09-14 05:37:03',3,1,131,24453,23.55),(1699,'2018-09-14 05:37:03',3,1,132,24688,23.53),(1700,'2018-09-14 05:37:03',3,1,133,24924,23.5),(1701,'2018-09-14 05:37:03',3,1,134,25159,23.48),(1702,'2018-09-14 05:37:03',3,1,135,25393,23.45),(1703,'2018-09-14 05:37:03',3,1,136,25628,23.41),(1704,'2018-09-14 05:37:03',3,1,137,25862,23.38),(1705,'2018-09-14 05:37:03',3,1,138,26096,23.34),(1706,'2018-09-14 05:37:03',3,1,139,26329,23.31),(1707,'2018-09-14 05:37:03',3,1,140,26562,23.27),(1708,'2018-09-14 05:37:03',3,1,141,26795,23.22),(1709,'2018-09-14 05:37:03',3,1,142,27027,23.18),(1710,'2018-09-14 05:37:03',3,1,143,27259,23.13),(1711,'2018-09-14 05:37:03',3,1,144,27490,23.08),(1712,'2018-09-14 05:37:03',3,1,145,27721,23.03),(1713,'2018-09-14 05:37:03',3,1,146,27952,22.96),(1714,'2018-09-14 05:37:03',3,1,147,28181,22.93),(1715,'2018-09-14 05:37:03',3,1,148,28411,22.87),(1716,'2018-09-14 05:37:03',3,1,149,28639,22.81),(1717,'2018-09-14 05:37:03',3,1,150,28868,22.75),(1718,'2018-09-14 05:37:03',3,1,151,29095,22.69),(1719,'2018-09-14 05:37:03',3,1,152,29322,23.62),(1720,'2018-09-14 05:37:03',3,1,153,29548,22.56),(1721,'2018-09-14 05:37:03',3,1,154,29774,22.49),(1722,'2018-09-14 05:37:03',3,1,155,29999,22.42),(1723,'2018-09-14 05:37:03',3,1,156,30223,22.34),(1724,'2018-09-14 05:37:03',3,1,157,30446,22.27),(1725,'2018-09-14 05:37:03',3,1,158,30669,22.19),(1726,'2018-09-14 05:37:03',3,1,159,30891,22.11),(1727,'2018-09-14 05:37:03',3,1,160,31112,22.03),(1728,'2018-09-14 05:37:03',3,1,161,31332,21.95),(1729,'2018-09-14 05:37:03',3,1,162,31552,21.86),(1730,'2018-09-14 05:37:03',3,1,163,31770,21.77),(1731,'2018-09-14 05:37:03',3,1,164,31968,21.68),(1732,'2018-09-14 05:37:03',3,1,165,32205,21.59),(1733,'2018-09-14 05:37:03',3,1,166,32421,21.49),(1734,'2018-09-14 05:37:03',3,1,167,32636,21.4),(1735,'2018-09-14 05:37:03',3,1,168,32850,21.3),(1736,'2018-09-14 05:37:03',3,1,169,33063,21.19),(1737,'2018-09-14 05:37:03',3,1,170,33275,21.09),(1738,'2018-09-14 05:37:03',3,1,171,33485,20.98),(1739,'2018-09-14 05:37:03',3,1,172,33695,20.87),(1740,'2018-09-14 05:37:03',3,1,173,33904,20.76),(1741,'2018-09-14 05:37:03',3,1,174,34112,20.65),(1742,'2018-09-14 05:37:03',3,1,175,34318,20.53),(1743,'2018-09-14 05:37:03',3,1,176,34524,20.41),(1744,'2018-09-14 05:37:03',3,1,177,34728,20.29),(1745,'2018-09-14 05:37:03',3,1,178,34931,20.17),(1746,'2018-09-14 05:37:03',3,1,179,35132,20.04),(1747,'2018-09-14 05:37:03',3,1,180,35333,19.92),(1748,'2018-09-14 05:37:03',3,1,181,35532,19.78),(1749,'2018-09-14 05:37:03',3,1,182,35730,19.65),(1750,'2018-09-14 05:37:03',3,1,183,35926,19.51),(1751,'2018-09-14 05:37:03',3,1,184,36121,19.37),(1752,'2018-09-14 05:37:03',3,1,185,36315,19.23),(1753,'2018-09-14 05:37:03',3,1,186,36507,19.09),(1754,'2018-09-14 05:37:03',3,1,187,36698,18.94),(1755,'2018-09-14 05:37:03',3,1,188,36888,18.79),(1756,'2018-09-14 05:37:03',3,1,189,37076,18.64),(1757,'2018-09-14 05:37:03',3,1,190,37262,18.48),(1758,'2018-09-14 05:37:03',3,1,191,37447,18.32),(1759,'2018-09-14 05:37:03',3,1,192,37630,18.16),(1760,'2018-09-14 05:37:03',3,1,193,37812,18),(1761,'2018-09-14 05:37:03',3,1,194,37992,17.83),(1762,'2018-09-14 05:37:03',3,1,195,38170,17.66),(1763,'2018-09-14 05:37:03',3,1,196,38346,17.48),(1764,'2018-09-14 05:37:03',3,1,197,38521,17.3),(1765,'2018-09-14 05:37:03',3,1,198,38694,17.12),(1766,'2018-09-14 05:37:03',3,1,199,38865,16.94),(1767,'2018-09-14 05:37:03',3,1,200,39035,16.75),(1768,'2018-09-14 05:37:03',3,1,201,39202,16.55),(1769,'2018-09-14 05:37:03',3,1,202,39368,16.36),(1770,'2018-09-14 05:37:03',3,1,203,39531,16.16),(1771,'2018-09-14 05:37:03',3,1,204,39693,15.95),(1772,'2018-09-14 05:37:03',3,1,205,39853,15.74),(1773,'2018-09-14 05:37:03',3,1,206,40010,15.53),(1774,'2018-09-14 05:37:03',3,1,207,40165,15.32),(1775,'2018-09-14 05:37:03',3,1,208,40318,15.09),(1776,'2018-09-14 05:37:03',3,1,209,40469,14.86),(1777,'2018-09-14 05:37:03',3,1,210,40618,14.64),(1778,'2018-09-14 05:37:03',3,1,211,40764,14.4),(1779,'2018-09-14 05:37:03',3,1,212,40908,14.16),(1780,'2018-09-14 05:37:03',3,1,213,41050,13.91),(1781,'2018-09-14 05:37:03',3,1,214,41189,13.66),(1782,'2018-09-14 05:37:03',3,1,215,41326,13.4),(1783,'2018-09-14 05:37:03',3,1,216,41460,13.13),(1784,'2018-09-14 05:37:03',3,1,217,41591,12.86),(1785,'2018-09-14 05:37:03',3,1,218,41720,12.58),(1786,'2018-09-14 05:37:03',3,1,219,41845,12.29),(1787,'2018-09-14 05:37:03',3,1,220,41968,12),(1788,'2018-09-14 05:37:03',3,1,221,42088,11.69),(1789,'2018-09-14 05:37:03',3,1,222,42205,11.38),(1790,'2018-09-14 05:37:03',3,1,223,42319,11.06),(1791,'2018-09-14 05:37:03',3,1,224,42430,10.72),(1792,'2018-09-14 05:37:03',3,1,225,42537,10.37),(1793,'2018-09-14 05:37:03',3,1,226,42640,10.01),(1794,'2018-09-14 05:37:03',3,1,227,42741,9.54),(1795,'2018-09-14 05:37:03',3,1,228,42837,9.25),(1796,'2018-09-14 05:37:03',3,1,229,42930,8.84),(1797,'2018-09-14 05:37:03',3,1,230,43018,8.41),(1798,'2018-09-14 05:37:03',3,1,231,43102,7.96),(1799,'2018-09-14 05:37:03',3,1,232,43182,7.48),(1800,'2018-09-14 05:37:03',3,1,233,43256,6.96),(1801,'2018-09-14 05:37:03',3,1,234,43326,6.41),(1802,'2018-09-14 05:37:03',3,1,235,43390,5.8),(1803,'2018-09-14 05:37:03',3,1,236,43448,5.11),(1804,'2018-09-14 05:37:03',3,1,237,43499,4.33),(1805,'2018-09-14 05:37:03',3,1,238,43543,3.36),(1806,'2018-09-14 05:37:03',3,1,239,43576,1.95),(1807,'2018-09-14 05:37:03',3,1,240,43596,0.04),(1887,'2018-09-14 05:45:35',14,2,0,6,3),(1888,'2018-09-14 05:45:35',14,2,1,36,2.75),(1889,'2018-09-14 05:45:35',14,2,2,63,3.37),(1890,'2018-09-14 05:45:35',14,2,3,97,3.9),(1891,'2018-09-14 05:45:35',14,2,4,136,4.36),(1892,'2018-09-14 05:45:35',14,2,5,179,4.77),(1893,'2018-09-14 05:45:35',14,2,6,227,5.15),(1894,'2018-09-14 05:45:35',14,2,7,279,5.5),(1895,'2018-09-14 05:45:35',14,2,8,334,5.83),(1896,'2018-09-14 05:45:35',14,2,9,392,6.14),(1897,'2018-09-14 05:45:35',14,2,10,453,6.44),(1898,'2018-09-14 05:45:35',14,2,11,516,6.72),(1899,'2018-09-14 05:45:35',14,2,12,585,6.99),(1900,'2018-09-14 05:45:35',14,2,13,655,7.25),(1901,'2018-09-14 05:45:35',14,2,14,727,7.5),(1902,'2018-09-14 05:45:35',14,2,15,803,7.74),(1903,'2018-09-14 05:45:35',14,2,16,880,8),(1904,'2018-09-14 05:45:35',14,2,17,960,8.19),(1905,'2018-09-14 05:45:35',14,2,18,1024,8.41),(1906,'2018-09-14 05:45:35',14,2,19,1126,8.62),(1907,'2018-09-14 05:45:35',14,2,20,1212,8.82),(1908,'2018-09-14 05:45:35',14,2,21,1300,9.02),(1909,'2018-09-14 05:45:35',14,2,22,1391,9.21),(1910,'2018-09-14 05:45:35',14,2,23,1483,9.4),(1911,'2018-09-14 05:45:35',14,2,24,1577,9.58),(1912,'2018-09-14 05:45:35',14,2,25,1673,9.76),(1913,'2018-09-14 05:45:35',14,2,26,1770,9.93),(1914,'2018-09-14 05:45:35',14,2,27,1869,10.1),(1915,'2018-09-14 05:45:35',14,2,28,1970,10.26),(1916,'2018-09-14 05:45:35',14,2,29,2073,10.42),(1917,'2018-09-14 05:45:35',14,2,30,2177,10.56),(1918,'2018-09-14 05:45:35',14,2,31,2283,10.73),(1919,'2018-09-14 05:45:35',14,2,32,2390,10.88),(1920,'2018-09-14 05:45:35',14,2,33,2499,11.02),(1921,'2018-09-14 05:45:35',14,2,34,2609,11.16),(1922,'2018-09-14 05:45:35',14,2,35,2721,11.3),(1923,'2018-09-14 05:45:35',14,2,36,2834,11.44),(1924,'2018-09-14 05:45:35',14,2,37,2948,11.57),(1925,'2018-09-14 05:45:35',14,2,38,3064,11.7),(1926,'2018-09-14 05:45:35',14,2,39,3181,11.82),(1927,'2018-09-14 05:45:35',14,2,40,3299,11.95),(1928,'2018-09-14 05:45:35',14,2,41,3419,12.07),(1929,'2018-09-14 05:45:35',14,2,42,3540,12.18),(1930,'2018-09-14 05:45:35',14,2,43,3661,12.3),(1931,'2018-09-14 05:45:35',14,2,44,3784,12.41),(1932,'2018-09-14 05:45:35',14,2,45,3908,12.52),(1933,'2018-09-14 05:45:35',14,2,46,4034,12.62),(1934,'2018-09-14 05:45:35',14,2,47,4160,12.73),(1935,'2018-09-14 05:45:35',14,2,48,4287,12.83),(1936,'2018-09-14 05:45:35',14,2,49,4415,12.93),(1937,'2018-09-14 05:45:35',14,2,50,4545,13.02),(1938,'2018-09-14 05:45:35',14,2,51,4675,13.12),(1939,'2018-09-14 05:45:35',14,2,52,4806,13.21),(1940,'2018-09-14 05:45:35',14,2,53,4938,13.3),(1941,'2018-09-14 05:45:35',14,2,54,5071,13.38),(1942,'2018-09-14 05:45:35',14,2,55,5205,13.46),(1943,'2018-09-14 05:45:35',14,2,56,5340,13.55),(1944,'2018-09-14 05:45:35',14,2,57,5475,13.63),(1945,'2018-09-14 05:45:35',14,2,58,5611,13.7),(1946,'2018-09-14 05:45:35',14,2,59,5748,13.78),(1947,'2018-09-14 05:45:35',14,2,60,5886,13.85),(1948,'2018-09-14 05:45:35',14,2,61,6025,13.92),(1949,'2018-09-14 05:45:35',14,2,62,6164,13.99),(1950,'2018-09-14 05:45:35',14,2,63,6304,14.05),(1951,'2018-09-14 05:45:35',14,2,64,6444,14.12),(1952,'2018-09-14 05:45:35',14,2,65,6585,14.18),(1953,'2018-09-14 05:45:35',14,2,66,5727,14.24),(1954,'2018-09-14 05:45:35',14,2,67,5869,14.29),(1955,'2018-09-14 05:45:35',14,2,68,7012,14.35),(1956,'2018-09-14 05:45:35',14,2,69,7156,14.4),(1957,'2018-09-14 05:45:35',14,2,70,7300,14.45),(1958,'2018-09-14 05:45:35',14,2,71,7444,14.5),(1959,'2018-09-14 05:45:35',14,2,72,7589,14.54),(1960,'2018-09-14 05:45:35',14,2,73,7735,14.59),(1961,'2018-09-14 05:45:35',14,2,74,7881,14.63),(1962,'2018-09-14 05:45:35',14,2,75,8027,14.67),(1963,'2018-09-14 05:45:35',14,2,76,8173,14.71),(1964,'2018-09-14 05:45:35',14,2,77,8321,14.74),(1965,'2018-09-14 05:45:35',14,2,78,8468,14.78),(1966,'2018-09-14 05:45:35',14,2,79,8616,14.81),(1967,'2018-09-14 05:45:35',14,2,80,8754,14.84),(1968,'2018-09-14 05:45:35',14,2,81,8912,14.87),(1969,'2018-09-14 05:45:35',14,2,82,9061,14.89),(1970,'2018-09-14 05:45:35',14,2,83,9210,14.91),(1971,'2018-09-14 05:45:35',14,2,84,9359,14.94),(1972,'2018-09-14 05:45:35',14,2,85,9508,14.96),(1973,'2018-09-14 05:45:35',14,2,86,9658,14.97),(1974,'2018-09-14 05:45:35',14,2,87,9808,14.99),(1975,'2018-09-14 05:45:35',14,2,88,9957,15),(1976,'2018-09-14 05:45:35',14,2,89,10107,15.01),(1977,'2018-09-14 05:45:35',14,2,90,10258,15.02),(1978,'2018-09-14 05:45:35',14,2,91,10408,15.03),(1979,'2018-09-14 05:45:35',14,2,92,10558,15.03),(1980,'2018-09-14 05:45:35',14,2,93,10708,15.04),(1981,'2018-09-14 05:45:35',14,2,94,10859,15.04),(1982,'2018-09-14 05:45:35',14,2,95,11009,15.04),(1983,'2018-09-14 05:45:35',14,2,96,11100,15.09),(1984,'2018-09-14 05:45:35',14,2,97,11310,15.09),(1985,'2018-09-14 05:45:35',14,2,98,11460,15.02),(1986,'2018-09-14 05:45:35',14,2,99,11610,15.01),(1987,'2018-09-14 05:45:35',14,2,100,11761,15),(1988,'2018-09-14 05:45:35',14,2,101,11911,14.99),(1989,'2018-09-14 05:45:35',14,2,102,12061,14.96),(1990,'2018-09-14 05:45:35',14,2,103,12210,14.96),(1991,'2018-09-14 05:45:35',14,2,104,12360,14.94),(1992,'2018-09-14 05:45:35',14,2,105,12509,14.92),(1993,'2018-09-14 05:45:35',14,2,106,12568,14.9),(1994,'2018-09-14 05:45:35',14,2,107,12607,14.87),(1995,'2018-09-14 05:45:35',14,2,108,12950,14.84),(1996,'2018-09-14 05:45:35',14,2,109,13105,14.81),(1997,'2018-09-14 05:45:35',14,2,110,13253,14.78),(1998,'2018-09-14 05:45:35',14,2,111,13401,14.75),(1999,'2018-09-14 05:45:35',14,2,112,13548,14.71),(2000,'2018-09-14 05:45:35',14,2,113,13605,14.66),(2001,'2018-09-14 05:45:35',14,2,114,13842,14.64),(2002,'2018-09-14 05:45:35',14,2,115,13088,14.6),(2003,'2018-09-14 05:45:35',14,2,116,14134,14.55),(2004,'2018-09-14 05:45:35',14,2,117,14280,14.51),(2005,'2018-09-14 05:45:35',14,2,118,14425,14.46),(2006,'2018-09-14 05:45:35',14,2,119,14570,14.41),(2007,'2018-09-14 05:45:35',14,2,120,14714,14.36),(2008,'2018-09-14 05:45:35',14,2,121,14857,14.3),(2009,'2018-09-14 05:45:35',14,2,122,15000,14.25),(2010,'2018-09-14 05:45:35',14,2,123,15143,14.19),(2011,'2018-09-14 05:45:35',14,2,124,15285,14.13),(2012,'2018-09-14 05:45:35',14,2,125,15426,14.06),(2013,'2018-09-14 05:45:35',14,2,126,15566,14),(2014,'2018-09-14 05:45:35',14,2,127,15706,13.93),(2015,'2018-09-14 05:45:35',14,2,128,15846,13.85),(2016,'2018-09-14 05:45:35',14,2,129,15964,1379),(2017,'2018-09-14 05:45:35',14,2,130,16122,13.72),(2018,'2018-09-14 05:45:35',14,2,131,16280,13.64),(2019,'2018-09-14 05:45:35',14,2,132,16394,13.56),(2020,'2018-09-14 05:45:35',14,2,133,16532,13.48),(2021,'2018-09-14 05:45:35',14,2,134,16600,13.4),(2022,'2018-09-14 05:45:35',14,2,135,16800,13.31),(2023,'2018-09-14 05:45:35',14,2,136,16933,13.22),(2024,'2018-09-14 05:45:35',14,2,137,17006,13.13),(2025,'2018-09-14 05:45:35',14,2,138,17187,13.04),(2026,'2018-09-14 05:45:35',14,2,139,17327,12.95),(2027,'2018-09-14 05:45:35',14,2,140,17457,12.85),(2028,'2018-09-14 05:45:35',14,2,141,17585,12.75),(2029,'2018-09-14 05:45:35',14,2,142,17713,12.64),(2030,'2018-09-14 05:45:35',14,2,143,17839,12.54),(2031,'2018-09-14 05:45:35',14,2,144,17905,12.43),(2032,'2018-09-14 05:45:35',14,2,145,18089,12.32),(2033,'2018-09-14 05:45:35',14,2,146,18212,12.21),(2034,'2018-09-14 05:45:35',14,2,147,18334,12.09),(2035,'2018-09-14 05:45:35',14,2,148,18455,11.97),(2036,'2018-09-14 05:45:35',14,2,149,18575,1.85),(2037,'2018-09-14 05:45:35',14,2,150,18693,11.72),(2038,'2018-09-14 05:45:35',14,2,151,18811,11.6),(2039,'2018-09-14 05:45:35',14,2,152,18927,11.46),(2040,'2018-09-14 05:45:35',14,2,153,19041,11.33),(2041,'2018-09-14 05:45:35',14,2,154,19155,11.19),(2042,'2018-09-14 05:45:35',14,2,155,19266,11.05),(2043,'2018-09-14 05:45:35',14,2,156,19377,10.91),(2044,'2018-09-14 05:45:35',14,2,157,19486,10.76),(2045,'2018-09-14 05:45:35',14,2,158,19594,10.61),(2046,'2018-09-14 05:45:35',14,2,159,19700,10.45),(2047,'2018-09-14 05:45:35',14,2,160,19854,10.29),(2048,'2018-09-14 05:45:35',14,2,161,19927,10.13),(2049,'2018-09-14 05:45:35',14,2,162,20005,9.85),(2050,'2018-09-14 05:45:35',14,2,163,20108,9.79),(2051,'2018-09-14 05:45:35',14,2,164,20208,9.52),(2052,'2018-09-14 05:45:35',14,2,165,20290,9.44),(2053,'2018-09-14 05:45:35',14,2,166,20357,9.25),(2054,'2018-09-14 05:45:35',14,2,167,20489,9.06),(2055,'2018-09-14 05:45:35',14,2,168,20580,8.86),(2056,'2018-09-14 05:45:35',14,2,169,20650,8.56),(2057,'2018-09-14 05:45:35',14,2,170,20756,8.45),(2058,'2018-09-14 05:45:35',14,2,171,20840,8.24),(2059,'2018-09-14 05:45:35',14,2,172,20922,8.02),(2060,'2018-09-14 05:45:35',14,2,173,21032,7.79),(2061,'2018-09-14 05:45:35',14,2,174,21090,7.55),(2062,'2018-09-14 05:45:35',14,2,175,21156,7.3),(2063,'2018-09-14 05:45:35',14,2,176,21229,7.3),(2064,'2018-09-14 05:45:35',14,2,177,21299,7.05),(2065,'2018-09-14 05:45:35',14,2,178,21357,6.78),(2066,'2018-09-14 05:45:35',14,2,179,21432,6.5),(2067,'2018-09-14 05:45:35',14,2,180,21494,6.21),(2068,'2018-09-14 05:45:35',14,2,181,21553,5.9),(2069,'2018-09-14 05:45:35',14,2,182,21609,5.57),(2070,'2018-09-14 05:45:35',14,2,183,21661,5.22),(2071,'2018-09-14 05:45:35',14,2,184,21709,4.85),(2072,'2018-09-14 05:45:35',14,2,185,21754,4.44),(2073,'2018-09-14 05:45:35',14,2,186,21794,3.99),(2074,'2018-09-14 05:45:35',14,2,187,21828,3.48),(2075,'2018-09-14 05:45:35',14,2,188,21857,2.89),(2076,'2018-09-14 05:45:35',14,2,189,21879,2.12),(2077,'2018-09-14 05:45:35',14,2,189,21886,0.76),(2078,'2018-09-14 05:45:35',14,1,0,6,3.76),(2079,'2018-09-14 05:45:35',14,1,1,44,3.76),(2080,'2018-09-14 05:45:35',14,1,2,82,4.66),(2081,'2018-09-14 05:45:35',14,1,3,128,5.4),(2082,'2018-09-14 05:45:35',14,1,4,182,6.06),(2083,'2018-09-14 05:45:35',14,1,5,243,6.04),(2084,'2018-09-14 05:45:35',14,1,6,309,7.17),(2085,'2018-09-14 05:45:35',14,1,7,381,7.68),(2086,'2018-09-14 05:45:35',14,1,8,458,8.14),(2087,'2018-09-14 05:45:35',14,1,9,539,8.58),(2088,'2018-09-14 05:45:35',14,1,10,625,9.01),(2089,'2018-09-14 05:45:35',14,1,11,715,9.41),(2090,'2018-09-14 05:45:35',14,1,12,809,9.79),(2091,'2018-09-14 05:45:35',14,1,13,907,10.16),(2092,'2018-09-14 05:45:35',14,1,14,1009,10.51),(2093,'2018-09-14 05:45:35',14,1,15,1114,10.86),(2094,'2018-09-14 05:45:35',14,1,16,1222,11.19),(2095,'2018-09-14 05:45:35',14,1,17,1334,11.54),(2096,'2018-09-14 05:45:35',14,1,18,1450,11.82),(2097,'2018-09-14 05:45:35',14,1,19,1568,12.12),(2098,'2018-09-14 05:45:35',14,1,20,1689,12.41),(2099,'2018-09-14 05:45:35',14,1,21,1813,12.69),(2100,'2018-09-14 05:45:35',14,1,22,1940,12.97),(2101,'2018-09-14 05:45:35',14,1,23,2070,13.24),(2102,'2018-09-14 05:45:35',14,1,24,2202,13.5),(2103,'2018-09-14 05:45:35',14,1,25,2337,13.76),(2104,'2018-09-14 05:45:35',14,1,26,2475,14.01),(2105,'2018-09-14 05:45:35',14,1,27,2615,14.26),(2106,'2018-09-14 05:45:35',14,1,28,2757,14.49),(2107,'2018-09-14 05:45:35',14,1,29,2902,14.73),(2108,'2018-09-14 05:45:35',14,1,30,3050,14.96),(2109,'2018-09-14 05:45:35',14,1,31,3199,15.18),(2110,'2018-09-14 05:45:35',14,1,32,3351,15.4),(2111,'2018-09-14 05:45:35',14,1,33,3505,15.62),(2112,'2018-09-14 05:45:35',14,1,34,3661,15.83),(2113,'2018-09-14 05:45:35',14,1,35,3819,16.04),(2114,'2018-09-14 05:45:35',14,1,36,3060,16.24),(2115,'2018-09-14 05:45:35',14,1,37,4142,16.44),(2116,'2018-09-14 05:45:35',14,1,38,4307,16.63),(2117,'2018-09-14 05:45:35',14,1,39,4473,16.62),(2118,'2018-09-14 05:45:35',14,1,40,4641,17.01),(2119,'2018-09-14 05:45:35',14,1,41,4811,17.19),(2120,'2018-09-14 05:45:35',14,1,42,4983,17.37),(2121,'2018-09-14 05:45:35',14,1,43,5157,17.56),(2122,'2018-09-14 05:45:35',14,1,44,5332,17.72),(2123,'2018-09-14 05:45:35',14,1,45,5510,17.89),(2124,'2018-09-14 05:45:35',14,1,46,5689,18.06),(2125,'2018-09-14 05:45:35',14,1,47,5869,18.23),(2126,'2018-09-14 05:45:35',14,1,48,6051,18.39),(2127,'2018-09-14 05:45:35',14,1,49,6235,18.54),(2128,'2018-09-14 05:45:35',14,1,50,6421,18.7),(2129,'2018-09-14 05:45:35',14,1,51,6608,18.85),(2130,'2018-09-14 05:45:35',14,1,52,6796,19),(2131,'2018-09-14 05:45:35',14,1,53,6966,19.15),(2132,'2018-09-14 05:45:35',14,1,54,7178,19.29),(2133,'2018-09-14 05:45:35',14,1,55,7371,19.43),(2134,'2018-09-14 05:45:35',14,1,56,7565,19.57),(2135,'2018-09-14 05:45:35',14,1,57,7761,19.7),(2136,'2018-09-14 05:45:35',14,1,58,7958,19.84),(2137,'2018-09-14 05:45:35',14,1,59,8156,19.97),(2138,'2018-09-14 05:45:35',14,1,60,8356,20.09),(2139,'2018-09-14 05:45:35',14,1,61,8557,20.22),(2140,'2018-09-14 05:45:35',14,1,62,8759,20.34),(2141,'2018-09-14 05:45:35',14,1,63,8962,20.46),(2142,'2018-09-14 05:45:35',14,1,64,9167,20.56),(2143,'2018-09-14 05:45:35',14,1,65,9372,20.79),(2144,'2018-09-14 05:45:35',14,1,66,9580,20.81),(2145,'2018-09-14 05:45:35',14,1,67,9788,20.92),(2146,'2018-09-14 05:45:35',14,1,68,9997,21),(2147,'2018-09-14 05:45:35',14,1,69,10207,21.13),(2148,'2018-09-14 05:45:35',14,1,70,10418,21.24),(2149,'2018-09-14 05:45:35',14,1,71,10631,21.34),(2150,'2018-09-14 05:45:35',14,1,72,10844,21.44),(2151,'2018-09-14 05:45:35',14,1,73,11098,21.53),(2152,'2018-09-14 05:45:35',14,1,74,11274,21.63),(2153,'2018-09-14 05:45:35',14,1,75,11490,21.72),(2154,'2018-09-14 05:45:35',14,1,76,11707,21.81),(2155,'2018-09-14 05:45:35',14,1,77,11925,21.89),(2156,'2018-09-14 05:45:35',14,1,78,12144,21.98),(2157,'2018-09-14 05:45:35',14,1,79,12364,22.06),(2158,'2018-09-14 05:45:35',14,1,80,12585,22.14),(2159,'2018-09-14 05:45:35',14,1,81,12806,22.22),(2160,'2018-09-14 05:45:35',14,1,82,13028,22.3),(2161,'2018-09-14 05:45:35',14,1,83,13251,22.37),(2162,'2018-09-14 05:45:35',14,1,84,13475,22.45),(2163,'2018-09-14 05:45:35',14,1,85,13700,22.52),(2164,'2018-09-14 05:45:35',14,1,86,13925,22.58),(2165,'2018-09-14 05:45:35',14,1,87,14151,22.65),(2166,'2018-09-14 05:45:35',14,1,88,14377,22.71),(2167,'2018-09-14 05:45:35',14,1,89,14604,22.78),(2168,'2018-09-14 05:45:35',14,1,90,14832,22.84),(2169,'2018-09-14 05:45:35',14,1,91,15060,22.89),(2170,'2018-09-14 05:45:35',14,1,92,15289,22.95),(2171,'2018-09-14 05:45:35',14,1,93,15519,23),(2172,'2018-09-14 05:45:35',14,1,94,15749,23.05),(2173,'2018-09-14 05:45:35',14,1,95,15979,23.1),(2174,'2018-09-14 05:45:35',14,1,96,16211,23.15),(2175,'2018-09-14 05:45:35',14,1,97,16442,23.2),(2176,'2018-09-14 05:45:35',14,1,98,16674,23.24),(2177,'2018-09-14 05:45:35',14,1,99,16904,23.28),(2178,'2018-09-14 05:45:35',14,1,100,17139,23.32),(2179,'2018-09-14 05:45:35',14,1,101,17372,23.36),(2180,'2018-09-14 05:45:35',14,1,102,17606,23.39),(2181,'2018-09-14 05:45:35',14,1,103,17840,23.43),(2182,'2018-09-14 05:45:35',14,1,104,18074,23.46),(2183,'2018-09-14 05:45:35',14,1,105,18309,23.49),(2184,'2018-09-14 05:45:35',14,1,106,18544,23.51),(2185,'2018-09-14 05:45:35',14,1,107,18779,23.54),(2186,'2018-09-14 05:45:35',14,1,108,19014,23.56),(2187,'2018-09-14 05:45:35',14,1,109,19250,23.58),(2188,'2018-09-14 05:45:35',14,1,110,19466,23.6),(2189,'2018-09-14 05:45:35',14,1,111,19722,23.62),(2190,'2018-09-14 05:45:35',14,1,112,19958,23.64),(2191,'2018-09-14 05:45:35',14,1,113,20194,23.65),(2192,'2018-09-14 05:45:35',14,1,114,20431,23.66),(2193,'2018-09-14 05:45:35',14,1,115,20667,23.67),(2194,'2018-09-14 05:45:35',14,1,116,20904,23.68),(2195,'2018-09-14 05:45:35',14,1,117,21141,23.68),(2196,'2018-09-14 05:45:35',14,1,118,21378,23.69),(2197,'2018-09-14 05:45:35',14,1,119,21615,23.69),(2198,'2018-09-14 05:45:35',14,1,120,21852,23.69),(2199,'2018-09-14 05:45:35',14,1,121,22068,23.69),(2200,'2018-09-14 05:45:35',14,1,122,22325,23.68),(2201,'2018-09-14 05:45:35',14,1,123,22562,23.68),(2202,'2018-09-14 05:45:35',14,1,124,22799,23.67),(2203,'2018-09-14 05:45:35',14,1,125,23036,23.66),(2204,'2018-09-14 05:45:35',14,1,126,23272,23.65),(2205,'2018-09-14 05:45:35',14,1,127,23509,23.63),(2206,'2018-09-14 05:45:35',14,1,128,23745,23.61),(2207,'2018-09-14 05:45:35',14,1,129,23961,23.6),(2208,'2018-09-14 05:45:35',14,1,130,24217,23.58),(2209,'2018-09-14 05:45:35',14,1,131,24453,23.55),(2210,'2018-09-14 05:45:35',14,1,132,24688,23.53),(2211,'2018-09-14 05:45:35',14,1,133,24924,23.5),(2212,'2018-09-14 05:45:35',14,1,134,25159,23.48),(2213,'2018-09-14 05:45:35',14,1,135,25393,23.45),(2214,'2018-09-14 05:45:35',14,1,136,25628,23.41),(2215,'2018-09-14 05:45:35',14,1,137,25862,23.38),(2216,'2018-09-14 05:45:35',14,1,138,26096,23.34),(2217,'2018-09-14 05:45:35',14,1,139,26329,23.31),(2218,'2018-09-14 05:45:35',14,1,140,26562,23.27),(2219,'2018-09-14 05:45:35',14,1,141,26795,23.22),(2220,'2018-09-14 05:45:35',14,1,142,27027,23.18),(2221,'2018-09-14 05:45:35',14,1,143,27259,23.13),(2222,'2018-09-14 05:45:35',14,1,144,27490,23.08),(2223,'2018-09-14 05:45:35',14,1,145,27721,23.03),(2224,'2018-09-14 05:45:35',14,1,146,27952,22.96),(2225,'2018-09-14 05:45:35',14,1,147,28181,22.93),(2226,'2018-09-14 05:45:35',14,1,148,28411,22.87),(2227,'2018-09-14 05:45:35',14,1,149,28639,22.81),(2228,'2018-09-14 05:45:35',14,1,150,28868,22.75),(2229,'2018-09-14 05:45:35',14,1,151,29095,22.69),(2230,'2018-09-14 05:45:35',14,1,152,29322,23.62),(2231,'2018-09-14 05:45:35',14,1,153,29548,22.56),(2232,'2018-09-14 05:45:35',14,1,154,29774,22.49),(2233,'2018-09-14 05:45:35',14,1,155,29999,22.42),(2234,'2018-09-14 05:45:35',14,1,156,30223,22.34),(2235,'2018-09-14 05:45:35',14,1,157,30446,22.27),(2236,'2018-09-14 05:45:35',14,1,158,30669,22.19),(2237,'2018-09-14 05:45:35',14,1,159,30891,22.11),(2238,'2018-09-14 05:45:35',14,1,160,31112,22.03),(2239,'2018-09-14 05:45:35',14,1,161,31332,21.95),(2240,'2018-09-14 05:45:35',14,1,162,31552,21.86),(2241,'2018-09-14 05:45:35',14,1,163,31770,21.77),(2242,'2018-09-14 05:45:35',14,1,164,31968,21.68),(2243,'2018-09-14 05:45:35',14,1,165,32205,21.59),(2244,'2018-09-14 05:45:35',14,1,166,32421,21.49),(2245,'2018-09-14 05:45:35',14,1,167,32636,21.4),(2246,'2018-09-14 05:45:35',14,1,168,32850,21.3),(2247,'2018-09-14 05:45:35',14,1,169,33063,21.19),(2248,'2018-09-14 05:45:35',14,1,170,33275,21.09),(2249,'2018-09-14 05:45:35',14,1,171,33485,20.98),(2250,'2018-09-14 05:45:35',14,1,172,33695,20.87),(2251,'2018-09-14 05:45:35',14,1,173,33904,20.76),(2252,'2018-09-14 05:45:35',14,1,174,34112,20.65),(2253,'2018-09-14 05:45:35',14,1,175,34318,20.53),(2254,'2018-09-14 05:45:35',14,1,176,34524,20.41),(2255,'2018-09-14 05:45:35',14,1,177,34728,20.29),(2256,'2018-09-14 05:45:35',14,1,178,34931,20.17),(2257,'2018-09-14 05:45:35',14,1,179,35132,20.04),(2258,'2018-09-14 05:45:35',14,1,180,35333,19.92),(2259,'2018-09-14 05:45:35',14,1,181,35532,19.78),(2260,'2018-09-14 05:45:35',14,1,182,35730,19.65),(2261,'2018-09-14 05:45:35',14,1,183,35926,19.51),(2262,'2018-09-14 05:45:35',14,1,184,36121,19.37),(2263,'2018-09-14 05:45:35',14,1,185,36315,19.23),(2264,'2018-09-14 05:45:35',14,1,186,36507,19.09),(2265,'2018-09-14 05:45:35',14,1,187,36698,18.94),(2266,'2018-09-14 05:45:35',14,1,188,36888,18.79),(2267,'2018-09-14 05:45:35',14,1,189,37076,18.64),(2268,'2018-09-14 05:45:35',14,1,190,37262,18.48),(2269,'2018-09-14 05:45:35',14,1,191,37447,18.32),(2270,'2018-09-14 05:45:35',14,1,192,37630,18.16),(2271,'2018-09-14 05:45:35',14,1,193,37812,18),(2272,'2018-09-14 05:45:35',14,1,194,37992,17.83),(2273,'2018-09-14 05:45:35',14,1,195,38170,17.66),(2274,'2018-09-14 05:45:35',14,1,196,38346,17.48),(2275,'2018-09-14 05:45:35',14,1,197,38521,17.3),(2276,'2018-09-14 05:45:35',14,1,198,38694,17.12),(2277,'2018-09-14 05:45:35',14,1,199,38865,16.94),(2278,'2018-09-14 05:45:35',14,1,200,39035,16.75),(2279,'2018-09-14 05:45:35',14,1,201,39202,16.55),(2280,'2018-09-14 05:45:35',14,1,202,39368,16.36),(2281,'2018-09-14 05:45:35',14,1,203,39531,16.16),(2282,'2018-09-14 05:45:35',14,1,204,39693,15.95),(2283,'2018-09-14 05:45:35',14,1,205,39853,15.74),(2284,'2018-09-14 05:45:35',14,1,206,40010,15.53),(2285,'2018-09-14 05:45:35',14,1,207,40165,15.32),(2286,'2018-09-14 05:45:35',14,1,208,40318,15.09),(2287,'2018-09-14 05:45:35',14,1,209,40469,14.86),(2288,'2018-09-14 05:45:35',14,1,210,40618,14.64),(2289,'2018-09-14 05:45:35',14,1,211,40764,14.4),(2290,'2018-09-14 05:45:35',14,1,212,40908,14.16),(2291,'2018-09-14 05:45:35',14,1,213,41050,13.91),(2292,'2018-09-14 05:45:35',14,1,214,41189,13.66),(2293,'2018-09-14 05:45:35',14,1,215,41326,13.4),(2294,'2018-09-14 05:45:35',14,1,216,41460,13.13),(2295,'2018-09-14 05:45:35',14,1,217,41591,12.86),(2296,'2018-09-14 05:45:35',14,1,218,41720,12.58),(2297,'2018-09-14 05:45:35',14,1,219,41845,12.29),(2298,'2018-09-14 05:45:35',14,1,220,41968,12),(2299,'2018-09-14 05:45:35',14,1,221,42088,11.69),(2300,'2018-09-14 05:45:35',14,1,222,42205,11.38),(2301,'2018-09-14 05:45:35',14,1,223,42319,11.06),(2302,'2018-09-14 05:45:35',14,1,224,42430,10.72),(2303,'2018-09-14 05:45:35',14,1,225,42537,10.37),(2304,'2018-09-14 05:45:35',14,1,226,42640,10.01),(2305,'2018-09-14 05:45:35',14,1,227,42741,9.54),(2306,'2018-09-14 05:45:35',14,1,228,42837,9.25),(2307,'2018-09-14 05:45:35',14,1,229,42930,8.84),(2308,'2018-09-14 05:45:35',14,1,230,43018,8.41),(2309,'2018-09-14 05:45:35',14,1,231,43102,7.96),(2310,'2018-09-14 05:45:35',14,1,232,43182,7.48),(2311,'2018-09-14 05:45:35',14,1,233,43256,6.96),(2312,'2018-09-14 05:45:35',14,1,234,43326,6.41),(2313,'2018-09-14 05:45:35',14,1,235,43390,5.8),(2314,'2018-09-14 05:45:35',14,1,236,43448,5.11),(2315,'2018-09-14 05:45:35',14,1,237,43499,4.33),(2316,'2018-09-14 05:45:35',14,1,238,43543,3.36),(2317,'2018-09-14 05:45:35',14,1,239,43576,1.95),(2318,'2018-09-14 05:45:35',14,1,240,43596,0.04);
/*!40000 ALTER TABLE `datasheet` ENABLE KEYS */;
UNLOCK TABLES;

--
-- Table structure for table `fuel_receipt`
--

DROP TABLE IF EXISTS `fuel_receipt`;
/*!40101 SET @saved_cs_client     = @@character_set_client */;
/*!40101 SET character_set_client = utf8 */;
CREATE TABLE `fuel_receipt` (
  `id` int(10) unsigned NOT NULL AUTO_INCREMENT,
  `ts` timestamp NULL DEFAULT CURRENT_TIMESTAMP,
  `tt` int(10) unsigned NOT NULL,
  `tid` int(10) unsigned NOT NULL,
  `pro_id` int(10) unsigned NOT NULL,
  `invoice_no` varchar(10) COLLATE utf8_bin NOT NULL,
  `invoice_date` date NOT NULL,
  `invoice_amount` int(10) unsigned NOT NULL,
  `invoice_qty` int(10) unsigned NOT NULL,
  `invoice_temp` float NOT NULL,
  `ro_temp` float NOT NULL,
  `invoice_density` float NOT NULL,
  `ro_composite_density` float NOT NULL,
  `tva` float NOT NULL,
  `short_report` float NOT NULL,
  `freight_invoice_no` varchar(10) COLLATE utf8_bin DEFAULT NULL,
  `freight_invoice_amount` int(10) unsigned NOT NULL,
  `pid` int(10) unsigned NOT NULL,
  PRIMARY KEY (`id`),
  UNIQUE KEY `invoice_no` (`invoice_no`),
  KEY `tid` (`tid`),
  KEY `pro_id` (`pro_id`),
  KEY `pid` (`pid`),
  CONSTRAINT `fuel_receipt_ibfk_1` FOREIGN KEY (`tid`) REFERENCES `transport` (`id`),
  CONSTRAINT `fuel_receipt_ibfk_2` FOREIGN KEY (`pro_id`) REFERENCES `tank_metadata` (`id`),
  CONSTRAINT `fuel_receipt_ibfk_3` FOREIGN KEY (`pid`) REFERENCES `petrolpump` (`id`)
) ENGINE=InnoDB AUTO_INCREMENT=13 DEFAULT CHARSET=utf8 COLLATE=utf8_bin;
/*!40101 SET character_set_client = @saved_cs_client */;

--
-- Dumping data for table `fuel_receipt`
--

LOCK TABLES `fuel_receipt` WRITE;
/*!40000 ALTER TABLE `fuel_receipt` DISABLE KEYS */;
INSERT INTO `fuel_receipt` VALUES (9,'2018-08-19 08:36:41',545,2,2,'641','2017-07-18',656,56,56,54654,65,412,15,454,'5',4,1),(10,'2018-08-26 02:47:12',56465,1,1,'65584','2017-07-25',65,65,64,6556,65,465,46,64,'646',5,1),(11,'2018-09-10 04:15:47',25845,1,1,'52','2017-08-09',15,12,52,56,5,657,254,45,'1',4,1),(12,'2018-09-10 10:51:36',4854,1,1,'585','2017-08-09',5445,5,4,454,45,54,545,54,'4',65,1);
/*!40000 ALTER TABLE `fuel_receipt` ENABLE KEYS */;
UNLOCK TABLES;

--
-- Table structure for table `nozzle`
--

DROP TABLE IF EXISTS `nozzle`;
/*!40101 SET @saved_cs_client     = @@character_set_client */;
/*!40101 SET character_set_client = utf8 */;
CREATE TABLE `nozzle` (
  `pid` int(10) unsigned NOT NULL,
  `ts` timestamp NULL DEFAULT CURRENT_TIMESTAMP,
  `id` int(10) unsigned NOT NULL AUTO_INCREMENT,
  `type` varchar(3) COLLATE utf8_bin NOT NULL,
  `nozzle_number` tinyint(4) DEFAULT NULL,
  `active` tinyint(4) DEFAULT '1',
  `del` tinyint(4) DEFAULT '0',
  PRIMARY KEY (`id`),
  KEY `pid` (`pid`),
  CONSTRAINT `nozzle_ibfk_1` FOREIGN KEY (`pid`) REFERENCES `petrolpump` (`id`)
) ENGINE=InnoDB AUTO_INCREMENT=8 DEFAULT CHARSET=utf8 COLLATE=utf8_bin;
/*!40101 SET character_set_client = @saved_cs_client */;

--
-- Dumping data for table `nozzle`
--

LOCK TABLES `nozzle` WRITE;
/*!40000 ALTER TABLE `nozzle` DISABLE KEYS */;
INSERT INTO `nozzle` VALUES (1,'2018-07-11 04:41:28',1,'hsd',1,1,0),(1,'2018-07-11 04:41:39',2,'hsd',2,1,0),(1,'2018-07-11 04:41:44',3,'ms',3,1,0),(1,'2018-07-11 04:41:50',4,'ms',4,1,0),(12,'2018-08-04 03:16:48',6,'ms',1,1,0),(12,'2018-08-04 03:16:59',7,'hsd',2,1,0);
/*!40000 ALTER TABLE `nozzle` ENABLE KEYS */;
UNLOCK TABLES;

--
-- Table structure for table `petrolpump`
--

DROP TABLE IF EXISTS `petrolpump`;
/*!40101 SET @saved_cs_client     = @@character_set_client */;
/*!40101 SET character_set_client = utf8 */;
CREATE TABLE `petrolpump` (
  `id` int(10) unsigned NOT NULL AUTO_INCREMENT,
  `ts` timestamp NULL DEFAULT CURRENT_TIMESTAMP,
  `name` varchar(50) COLLATE utf8_bin NOT NULL,
  `address` varchar(100) COLLATE utf8_bin NOT NULL,
  `city` varchar(15) COLLATE utf8_bin NOT NULL,
  `pincode` decimal(6,0) NOT NULL,
  `registration` varchar(20) COLLATE utf8_bin NOT NULL,
  `email` varchar(30) COLLATE utf8_bin NOT NULL,
  `phone` decimal(10,0) NOT NULL,
  `state` varchar(25) COLLATE utf8_bin NOT NULL,
  `active` tinyint(4) DEFAULT '1',
  `del` tinyint(4) DEFAULT '0',
  PRIMARY KEY (`id`),
  UNIQUE KEY `registration` (`registration`),
  UNIQUE KEY `email` (`email`),
  UNIQUE KEY `phone` (`phone`)
) ENGINE=InnoDB AUTO_INCREMENT=15 DEFAULT CHARSET=utf8 COLLATE=utf8_bin;
/*!40101 SET character_set_client = @saved_cs_client */;

--
-- Dumping data for table `petrolpump`
--

LOCK TABLES `petrolpump` WRITE;
/*!40000 ALTER TABLE `petrolpump` DISABLE KEYS */;
INSERT INTO `petrolpump` VALUES (1,'2018-07-11 04:11:08','Radha Pumps','ffjyjukh','mathura',281004,'l298','a@b.com',654654654,'up',1,0),(3,'2018-07-12 04:12:02','hds','wjfh','wayanad',281121,'321','e@d.c',345363,'kerala',1,0),(11,'2018-07-21 05:32:34','uhu','iuhiu','east godavari',204603,'buih','c@d.com',5451,'andhra pradesh',1,0),(12,'2018-08-04 03:07:21','nikhil pumps','near agra','hassan',785493,'789456123','nikhil@bansal.com',78549286,'karnataka',1,0),(13,'2018-08-12 17:35:35','dfithjmkg;krtjh','ghgriopei7hby','Chittoor',52696,'5541451','a@a.com',784524,'Andhra Pradesh',1,0),(14,'2018-09-14 05:44:33','Reliance PetrolPump','Laxmi Nagar, Mathura','Mathura',281001,'1234567890','amit.agrawal@gla.ac.in',9927788800,'Uttar Pradesh',1,0);
/*!40000 ALTER TABLE `petrolpump` ENABLE KEYS */;
UNLOCK TABLES;

--
-- Table structure for table `product`
--

DROP TABLE IF EXISTS `product`;
/*!40101 SET @saved_cs_client     = @@character_set_client */;
/*!40101 SET character_set_client = utf8 */;
CREATE TABLE `product` (
  `id` int(10) unsigned NOT NULL AUTO_INCREMENT,
  `pid` int(10) unsigned NOT NULL,
  `ts` timestamp NULL DEFAULT CURRENT_TIMESTAMP,
  `name` varchar(20) COLLATE utf8_bin NOT NULL,
  `active` tinyint(4) DEFAULT '1',
  `del` tinyint(4) DEFAULT '0',
  `price` float NOT NULL,
  `qty` float NOT NULL,
  PRIMARY KEY (`id`),
  KEY `pid` (`pid`),
  CONSTRAINT `product_ibfk_1` FOREIGN KEY (`pid`) REFERENCES `petrolpump` (`id`)
) ENGINE=InnoDB AUTO_INCREMENT=8 DEFAULT CHARSET=utf8 COLLATE=utf8_bin;
/*!40101 SET character_set_client = @saved_cs_client */;

--
-- Dumping data for table `product`
--

LOCK TABLES `product` WRITE;
/*!40000 ALTER TABLE `product` DISABLE KEYS */;
INSERT INTO `product` VALUES (1,1,'2018-07-11 04:55:44','toffee',1,0,2,13880),(2,1,'2018-07-11 04:56:27','biscuit',1,0,30,268),(3,1,'2018-07-11 04:56:44','mobile',1,0,1000,10),(4,1,'2018-07-11 04:57:15','kirti kismi toffee',0,1,0.25,1210),(5,1,'2018-07-13 22:41:30','kittu',1,1,5.5,0),(6,14,'2018-09-16 09:29:24','Castrol 5L',1,0,500,10),(7,14,'2018-09-16 09:31:11','Castrol 5L',1,1,500,10);
/*!40000 ALTER TABLE `product` ENABLE KEYS */;
UNLOCK TABLES;

--
-- Table structure for table `role`
--

DROP TABLE IF EXISTS `role`;
/*!40101 SET @saved_cs_client     = @@character_set_client */;
/*!40101 SET character_set_client = utf8 */;
CREATE TABLE `role` (
  `id` int(10) unsigned NOT NULL AUTO_INCREMENT,
  `ts` timestamp NULL DEFAULT CURRENT_TIMESTAMP,
  `type` varchar(25) COLLATE utf8_bin NOT NULL,
  `pid` int(10) unsigned NOT NULL,
  PRIMARY KEY (`id`),
  KEY `pid` (`pid`),
  CONSTRAINT `role_ibfk_1` FOREIGN KEY (`pid`) REFERENCES `petrolpump` (`id`)
) ENGINE=InnoDB AUTO_INCREMENT=12 DEFAULT CHARSET=utf8 COLLATE=utf8_bin;
/*!40101 SET character_set_client = @saved_cs_client */;

--
-- Dumping data for table `role`
--

LOCK TABLES `role` WRITE;
/*!40000 ALTER TABLE `role` DISABLE KEYS */;
INSERT INTO `role` VALUES (1,'2018-07-11 04:11:08','admin',1),(2,'2018-07-11 04:18:35','supervisor',1),(3,'2018-07-11 04:20:17','dsm',1),(4,'2018-07-12 04:12:02','admin',3),(5,'2018-07-14 04:06:16','admin',1),(6,'2018-07-21 05:32:34','admin',11),(7,'2018-08-04 03:07:21','admin',12),(8,'2018-08-04 03:13:52','supervisor',12),(9,'2018-08-04 03:15:26','dsm',12),(10,'2018-08-12 17:35:36','admin',13),(11,'2018-09-14 05:44:34','admin',14);
/*!40000 ALTER TABLE `role` ENABLE KEYS */;
UNLOCK TABLES;

--
-- Table structure for table `shift`
--

DROP TABLE IF EXISTS `shift`;
/*!40101 SET @saved_cs_client     = @@character_set_client */;
/*!40101 SET character_set_client = utf8 */;
CREATE TABLE `shift` (
  `id` int(10) unsigned NOT NULL AUTO_INCREMENT,
  `ts` timestamp NULL DEFAULT CURRENT_TIMESTAMP,
  `supervisor_id` int(10) unsigned DEFAULT NULL,
  `start_time` timestamp NOT NULL DEFAULT '0000-00-00 00:00:00',
  `end_time` timestamp NOT NULL DEFAULT '0000-00-00 00:00:00',
  `shift_meta_data_id` int(10) unsigned DEFAULT NULL,
  `pid` int(10) unsigned NOT NULL,
  PRIMARY KEY (`id`),
  KEY `supervisor_id` (`supervisor_id`),
  KEY `shift_meta_data_id` (`shift_meta_data_id`),
  KEY `pid` (`pid`),
  CONSTRAINT `shift_ibfk_1` FOREIGN KEY (`supervisor_id`) REFERENCES `user` (`id`),
  CONSTRAINT `shift_ibfk_2` FOREIGN KEY (`shift_meta_data_id`) REFERENCES `shift_metadata` (`id`),
  CONSTRAINT `shift_ibfk_3` FOREIGN KEY (`pid`) REFERENCES `petrolpump` (`id`)
) ENGINE=InnoDB AUTO_INCREMENT=76 DEFAULT CHARSET=utf8 COLLATE=utf8_bin;
/*!40101 SET character_set_client = @saved_cs_client */;

--
-- Dumping data for table `shift`
--

LOCK TABLES `shift` WRITE;
/*!40000 ALTER TABLE `shift` DISABLE KEYS */;
INSERT INTO `shift` VALUES (59,'2018-08-19 08:35:12',9,'2018-08-19 00:30:00','2018-08-19 08:30:00',1,1),(60,'2018-08-19 08:39:12',9,'2018-08-19 08:30:00','2018-08-19 16:30:00',2,1),(62,'2018-08-19 08:50:42',9,'2018-08-19 16:30:00','2018-08-19 00:30:00',3,1),(63,'2018-08-22 17:39:25',9,'2018-08-22 00:30:00','2018-08-22 08:30:00',1,1),(64,'2018-08-22 17:40:49',9,'2018-08-22 08:30:00','2018-08-22 16:30:00',2,1),(65,'2018-08-22 18:05:47',9,'2018-08-22 16:30:00','2018-08-22 00:30:00',3,1),(66,'2018-08-22 18:19:41',9,'2018-08-21 18:30:00','2018-08-21 20:44:00',4,1),(67,'2018-08-26 02:45:12',9,'2018-08-26 00:30:00','2018-08-26 08:30:00',1,1),(68,'2018-08-26 02:48:33',9,'2018-08-26 08:30:00','2018-08-26 16:30:00',2,1),(69,'2018-08-26 02:50:37',9,'2018-08-26 16:30:00','2018-08-26 00:30:00',3,1),(70,'2018-08-26 03:34:56',9,'2018-08-25 18:30:00','2018-08-25 20:44:00',4,1),(71,'2018-08-29 01:16:51',9,'2018-08-29 00:30:00','2018-08-29 08:30:00',1,1),(74,'2018-09-10 10:44:17',9,'2018-09-10 08:30:00','2018-09-10 16:30:00',2,1),(75,'2018-09-10 10:50:30',9,'2018-09-10 00:30:00','2018-09-10 08:30:00',1,1);
/*!40000 ALTER TABLE `shift` ENABLE KEYS */;
UNLOCK TABLES;

--
-- Table structure for table `shift_collection`
--

DROP TABLE IF EXISTS `shift_collection`;
/*!40101 SET @saved_cs_client     = @@character_set_client */;
/*!40101 SET character_set_client = utf8 */;
CREATE TABLE `shift_collection` (
  `id` int(10) unsigned NOT NULL AUTO_INCREMENT,
  `ts` timestamp NULL DEFAULT CURRENT_TIMESTAMP,
  `shift_nozzle_dsm_id` int(10) unsigned DEFAULT NULL,
  `collection_mode_id` int(10) unsigned DEFAULT NULL,
  `amount` float NOT NULL,
  `pid` int(10) unsigned NOT NULL,
  PRIMARY KEY (`id`),
  KEY `shift_nozzle_dsm_id` (`shift_nozzle_dsm_id`),
  KEY `collection_mode_id` (`collection_mode_id`),
  KEY `pid` (`pid`),
  CONSTRAINT `shift_collection_ibfk_1` FOREIGN KEY (`shift_nozzle_dsm_id`) REFERENCES `shift_nozzle_dsm` (`id`),
  CONSTRAINT `shift_collection_ibfk_2` FOREIGN KEY (`collection_mode_id`) REFERENCES `collection_mode` (`id`),
  CONSTRAINT `shift_collection_ibfk_3` FOREIGN KEY (`pid`) REFERENCES `petrolpump` (`id`)
) ENGINE=InnoDB DEFAULT CHARSET=utf8 COLLATE=utf8_bin;
/*!40101 SET character_set_client = @saved_cs_client */;

--
-- Dumping data for table `shift_collection`
--

LOCK TABLES `shift_collection` WRITE;
/*!40000 ALTER TABLE `shift_collection` DISABLE KEYS */;
/*!40000 ALTER TABLE `shift_collection` ENABLE KEYS */;
UNLOCK TABLES;

--
-- Table structure for table `shift_collection2`
--

DROP TABLE IF EXISTS `shift_collection2`;
/*!40101 SET @saved_cs_client     = @@character_set_client */;
/*!40101 SET character_set_client = utf8 */;
CREATE TABLE `shift_collection2` (
  `id` int(10) unsigned NOT NULL AUTO_INCREMENT,
  `ts` timestamp NULL DEFAULT CURRENT_TIMESTAMP,
  `user_id` int(10) unsigned NOT NULL,
  `collection_mode_id` int(10) unsigned DEFAULT NULL,
  `amount` float NOT NULL,
  `cbi` int(10) unsigned DEFAULT NULL,
  `sid` int(10) unsigned DEFAULT NULL,
  PRIMARY KEY (`id`),
  KEY `collection_mode_id` (`collection_mode_id`),
  CONSTRAINT `shift_collection2_ibfk_1` FOREIGN KEY (`collection_mode_id`) REFERENCES `collection_mode` (`id`)
) ENGINE=InnoDB AUTO_INCREMENT=132 DEFAULT CHARSET=utf8 COLLATE=utf8_bin;
/*!40101 SET character_set_client = @saved_cs_client */;

--
-- Dumping data for table `shift_collection2`
--

LOCK TABLES `shift_collection2` WRITE;
/*!40000 ALTER TABLE `shift_collection2` DISABLE KEYS */;
INSERT INTO `shift_collection2` VALUES (96,'2018-08-19 08:36:40',10,1,1546,5,59),(97,'2018-08-19 08:36:40',12,1,84584,5,59),(98,'2018-08-19 08:36:40',11,1,5454,5,59),(99,'2018-08-19 08:36:41',13,4,54548,NULL,59),(100,'2018-08-19 08:41:49',10,1,446456,5,60),(101,'2018-08-19 08:41:49',12,4,6546,NULL,60),(104,'2018-08-22 17:37:14',10,1,5454,5,62),(105,'2018-08-22 17:37:15',10,2,545,1,62),(106,'2018-08-22 17:40:13',10,1,564,5,63),(107,'2018-08-22 17:46:00',10,4,554574,NULL,64),(108,'2018-08-22 18:18:52',10,1,6465,5,65),(109,'2018-08-22 18:18:52',12,2,4654,1,65),(110,'2018-08-22 18:18:54',13,4,65464,NULL,65),(111,'2018-08-22 18:24:51',10,2,65456,1,66),(112,'2018-08-26 02:47:11',10,1,12000,5,67),(113,'2018-08-26 02:47:11',12,2,6546,1,67),(114,'2018-08-26 02:47:12',12,2,6546,5,67),(115,'2018-08-26 02:50:30',10,4,132,NULL,68),(116,'2018-08-26 02:51:58',10,1,153,5,69),(117,'2018-08-26 02:51:59',10,3,324354,NULL,69),(118,'2018-08-26 02:51:59',10,2,321,1,69),(119,'2018-08-26 02:52:01',10,4,6545,NULL,69),(120,'2018-08-26 03:36:25',10,2,10,1,70),(121,'2018-08-26 03:36:25',10,2,20,2,70),(122,'2018-08-26 03:36:25',10,2,30,3,70),(123,'2018-08-26 03:36:26',10,2,40,4,70),(124,'2018-09-10 04:11:01',10,1,50000,5,71),(125,'2018-09-10 04:11:01',10,3,50000,NULL,71),(128,'2018-09-10 10:47:26',10,1,80000,5,74),(129,'2018-09-10 10:47:26',12,2,528292,1,74),(130,'2018-09-10 10:51:36',10,1,5856,5,75),(131,'2018-09-10 10:51:36',10,4,5852,NULL,75);
/*!40000 ALTER TABLE `shift_collection2` ENABLE KEYS */;
UNLOCK TABLES;

--
-- Table structure for table `shift_metadata`
--

DROP TABLE IF EXISTS `shift_metadata`;
/*!40101 SET @saved_cs_client     = @@character_set_client */;
/*!40101 SET character_set_client = utf8 */;
CREATE TABLE `shift_metadata` (
  `id` int(10) unsigned NOT NULL AUTO_INCREMENT,
  `ts` timestamp NULL DEFAULT CURRENT_TIMESTAMP,
  `pid` int(10) unsigned NOT NULL,
  `starttime` timestamp NOT NULL DEFAULT '0000-00-00 00:00:00',
  `endtime` timestamp NOT NULL DEFAULT '0000-00-00 00:00:00',
  `shift_type` tinyint(4) NOT NULL,
  `sid` int(10) unsigned NOT NULL,
  `active` tinyint(4) DEFAULT '1',
  `del` tinyint(4) DEFAULT '0',
  PRIMARY KEY (`id`),
  KEY `sid` (`sid`),
  KEY `pid` (`pid`),
  CONSTRAINT `shift_metadata_ibfk_1` FOREIGN KEY (`sid`) REFERENCES `user` (`id`),
  CONSTRAINT `shift_metadata_ibfk_2` FOREIGN KEY (`pid`) REFERENCES `petrolpump` (`id`)
) ENGINE=InnoDB AUTO_INCREMENT=9 DEFAULT CHARSET=utf8 COLLATE=utf8_bin;
/*!40101 SET character_set_client = @saved_cs_client */;

--
-- Dumping data for table `shift_metadata`
--

LOCK TABLES `shift_metadata` WRITE;
/*!40000 ALTER TABLE `shift_metadata` DISABLE KEYS */;
INSERT INTO `shift_metadata` VALUES (1,'2018-07-11 04:23:29',1,'2018-07-11 00:30:00','2018-07-11 08:30:00',2,9,1,0),(2,'2018-07-11 04:24:00',1,'2018-07-11 08:30:00','2018-07-11 16:30:00',3,7,1,0),(3,'2018-07-11 04:24:55',1,'2018-07-11 16:30:00','2018-07-11 00:30:00',4,7,1,0),(4,'2018-07-14 01:41:25',1,'2018-07-15 18:30:00','2018-07-15 20:44:00',5,9,1,1),(5,'2018-08-04 03:22:00',12,'2018-08-04 00:30:00','2018-08-04 01:30:00',1,19,1,0),(6,'2018-09-16 09:10:50',14,'2018-09-16 00:30:00','2018-09-15 20:30:00',1,24,1,0),(7,'2018-09-16 09:11:09',14,'2018-09-15 20:30:00','2018-09-16 04:30:00',2,24,1,0),(8,'2018-09-16 09:11:21',14,'2018-09-16 04:30:00','2018-09-16 00:30:00',3,24,1,0);
/*!40000 ALTER TABLE `shift_metadata` ENABLE KEYS */;
UNLOCK TABLES;

--
-- Table structure for table `shift_nozzle_dsm`
--

DROP TABLE IF EXISTS `shift_nozzle_dsm`;
/*!40101 SET @saved_cs_client     = @@character_set_client */;
/*!40101 SET character_set_client = utf8 */;
CREATE TABLE `shift_nozzle_dsm` (
  `id` int(10) unsigned NOT NULL AUTO_INCREMENT,
  `ts` timestamp NULL DEFAULT CURRENT_TIMESTAMP,
  `shift_id` int(10) unsigned NOT NULL,
  `nozzle_id` int(10) unsigned NOT NULL,
  `user_id` int(10) unsigned NOT NULL,
  `aor` float DEFAULT NULL,
  `acr` float DEFAULT NULL,
  `dor` float DEFAULT NULL,
  `dcr` float DEFAULT NULL,
  `pump_test` decimal(4,0) DEFAULT NULL,
  `self` decimal(4,0) DEFAULT NULL,
  PRIMARY KEY (`id`),
  KEY `shift_id` (`shift_id`),
  KEY `nozzle_id` (`nozzle_id`),
  KEY `user_id` (`user_id`),
  CONSTRAINT `shift_nozzle_dsm_ibfk_1` FOREIGN KEY (`shift_id`) REFERENCES `shift` (`id`),
  CONSTRAINT `shift_nozzle_dsm_ibfk_2` FOREIGN KEY (`nozzle_id`) REFERENCES `nozzle` (`id`),
  CONSTRAINT `shift_nozzle_dsm_ibfk_3` FOREIGN KEY (`user_id`) REFERENCES `user` (`id`)
) ENGINE=InnoDB AUTO_INCREMENT=287 DEFAULT CHARSET=utf8 COLLATE=utf8_bin;
/*!40101 SET character_set_client = @saved_cs_client */;

--
-- Dumping data for table `shift_nozzle_dsm`
--

LOCK TABLES `shift_nozzle_dsm` WRITE;
/*!40000 ALTER TABLE `shift_nozzle_dsm` DISABLE KEYS */;
INSERT INTO `shift_nozzle_dsm` VALUES (219,'2018-08-19 08:35:12',59,1,10,0,250,0,250,1,2),(220,'2018-08-19 08:35:12',59,2,11,0,250,0,250,1,2),(221,'2018-08-19 08:35:13',59,3,12,0,250,0,250,1,2),(222,'2018-08-19 08:35:13',59,4,13,0,250,0,250,1,2),(223,'2018-08-19 08:39:12',60,1,10,250,500,250,500,1,2),(224,'2018-08-19 08:39:12',60,2,10,250,500,250,500,1,3),(225,'2018-08-19 08:39:12',60,3,12,250,500,250,500,4,6),(226,'2018-08-19 08:39:12',60,4,12,250,500,250,500,1,3),(231,'2018-08-19 08:50:43',62,1,10,500,750,500,750,0,0),(232,'2018-08-19 08:50:43',62,2,10,500,750,500,750,0,1),(233,'2018-08-19 08:50:43',62,3,10,500,750,500,750,4,6),(234,'2018-08-19 08:50:43',62,4,10,500,750,500,750,5,5),(235,'2018-08-22 17:39:26',63,1,10,750,1000,750,1000,1,3),(236,'2018-08-22 17:39:26',63,2,10,750,1000,750,1000,4,3),(237,'2018-08-22 17:39:26',63,3,13,750,1000,750,1000,4,2),(238,'2018-08-22 17:39:26',63,4,13,750,1000,750,1000,1,3),(239,'2018-08-22 17:40:49',64,1,10,1000,1200,1000,1200,1,3),(240,'2018-08-22 17:40:49',64,2,10,1000,1200,1000,1200,4,5),(241,'2018-08-22 17:40:50',64,3,12,1000,1200,1000,1200,6,5),(242,'2018-08-22 17:40:50',64,4,12,1000,1200,1000,1200,2,6),(243,'2018-08-22 18:05:48',65,1,10,1200,1500,1200,1500,4,6),(244,'2018-08-22 18:05:48',65,2,11,1200,1500,1200,1500,4,3),(245,'2018-08-22 18:05:48',65,3,12,1200,1500,1200,1500,3,4),(246,'2018-08-22 18:05:48',65,4,13,1200,1500,1200,1500,2,5),(247,'2018-08-22 18:19:42',66,1,10,1500,2000,1500,2000,2,0),(248,'2018-08-22 18:19:42',66,2,10,1500,2000,1500,2000,1,2),(249,'2018-08-22 18:19:43',66,3,10,1500,2000,1500,2000,1,2),(250,'2018-08-22 18:19:43',66,4,10,1500,2000,1500,2000,1,2),(251,'2018-08-26 02:45:12',67,1,10,2000,2200,2000,2200,0,0),(252,'2018-08-26 02:45:12',67,2,10,2000,2200,2000,2200,0,0),(253,'2018-08-26 02:45:12',67,3,12,2000,2200,2000,2200,0,0),(254,'2018-08-26 02:45:13',67,4,12,2000,2200,2000,2200,0,0),(255,'2018-08-26 02:48:33',68,1,10,2200,2500,2200,2500,0,0),(256,'2018-08-26 02:48:33',68,2,10,2200,2500,2200,2500,0,0),(257,'2018-08-26 02:48:34',68,3,10,2200,2500,2200,2500,0,0),(258,'2018-08-26 02:48:34',68,4,10,2200,2500,2200,2500,0,0),(259,'2018-08-26 02:50:37',69,1,10,2500,2600,2500,2600,0,0),(260,'2018-08-26 02:50:38',69,2,10,2500,2600,2500,2600,0,0),(261,'2018-08-26 02:50:38',69,3,10,2500,2600,2500,2600,0,0),(262,'2018-08-26 02:50:38',69,4,10,2500,2600,2500,2600,0,0),(263,'2018-08-26 03:34:57',70,1,10,2600,2800,2600,2800,0,0),(264,'2018-08-26 03:34:57',70,2,10,2600,2800,2600,2800,0,0),(265,'2018-08-26 03:34:58',70,3,11,2600,2800,2600,2800,0,0),(266,'2018-08-26 03:34:58',70,4,11,2600,2800,2600,2800,0,0),(267,'2018-08-29 01:16:52',71,1,10,2800,3200,2800,3200,0,0),(268,'2018-08-29 01:16:53',71,2,10,2800,3200,2800,3200,0,0),(269,'2018-08-29 01:16:53',71,3,10,2800,3200,2800,3200,0,0),(270,'2018-08-29 01:16:53',71,4,10,2800,3200,2800,3200,0,0),(279,'2018-09-10 10:44:18',74,1,10,3500,3800,3500,3800,0,0),(280,'2018-09-10 10:44:18',74,2,12,3500,3800,3500,3800,0,0),(281,'2018-09-10 10:44:18',74,3,10,3500,3800,3500,3805,0,0),(282,'2018-09-10 10:44:18',74,4,12,3500,3789,3500,3800,0,0),(283,'2018-09-10 10:50:30',75,1,10,3800,4000,3800,4000,0,0),(284,'2018-09-10 10:50:30',75,2,10,3800,4000,3800,4000,0,0),(285,'2018-09-10 10:50:30',75,3,10,3800,4000,3805,4000,0,0),(286,'2018-09-10 10:50:30',75,4,10,3789,4000,3800,4000,0,0);
/*!40000 ALTER TABLE `shift_nozzle_dsm` ENABLE KEYS */;
UNLOCK TABLES;

--
-- Table structure for table `shift_price`
--

DROP TABLE IF EXISTS `shift_price`;
/*!40101 SET @saved_cs_client     = @@character_set_client */;
/*!40101 SET character_set_client = utf8 */;
CREATE TABLE `shift_price` (
  `id` int(10) unsigned NOT NULL AUTO_INCREMENT,
  `ts` timestamp NULL DEFAULT CURRENT_TIMESTAMP,
  `pid` int(10) unsigned NOT NULL,
  `pro_id` int(10) unsigned NOT NULL,
  `price` float NOT NULL,
  `open_qty` float NOT NULL,
  `close_qty` float NOT NULL,
  `sid` int(10) unsigned NOT NULL,
  PRIMARY KEY (`id`),
  KEY `sid` (`sid`),
  KEY `pro_id` (`pro_id`),
  KEY `pid` (`pid`),
  CONSTRAINT `shift_price_ibfk_1` FOREIGN KEY (`sid`) REFERENCES `shift` (`id`),
  CONSTRAINT `shift_price_ibfk_2` FOREIGN KEY (`pro_id`) REFERENCES `product` (`id`),
  CONSTRAINT `shift_price_ibfk_3` FOREIGN KEY (`pid`) REFERENCES `petrolpump` (`id`)
) ENGINE=InnoDB AUTO_INCREMENT=371 DEFAULT CHARSET=utf8 COLLATE=utf8_bin;
/*!40101 SET character_set_client = @saved_cs_client */;

--
-- Dumping data for table `shift_price`
--

LOCK TABLES `shift_price` WRITE;
/*!40000 ALTER TABLE `shift_price` DISABLE KEYS */;
INSERT INTO `shift_price` VALUES (279,'2018-08-19 08:36:41',1,1,2,14180,14180,59),(280,'2018-08-19 08:36:41',1,2,30,4918,14180,59),(281,'2018-08-19 08:36:41',1,3,50000,-1050030,14180,59),(282,'2018-08-19 08:36:41',1,4,0.25,1212.5,14180,59),(283,'2018-08-19 08:36:41',1,5,5.5,5.5,14180,59),(286,'2018-08-19 08:41:50',1,1,2,14180,13980,60),(287,'2018-08-19 08:41:50',1,2,30,4918,13980,60),(288,'2018-08-19 08:41:50',1,3,50000,-1050030,13980,60),(289,'2018-08-19 08:41:50',1,4,0.25,1210,13980,60),(290,'2018-08-19 08:41:50',1,5,5.5,5.5,13980,60),(300,'2018-08-22 17:37:15',1,1,2,13980,13980,62),(301,'2018-08-22 17:37:15',1,2,30,4918,13980,62),(302,'2018-08-22 17:37:15',1,3,50000,-1050030,13980,62),(303,'2018-08-22 17:37:15',1,4,0.25,1210,13980,62),(304,'2018-08-22 17:37:15',1,5,5.5,0,13980,62),(307,'2018-08-22 17:40:13',1,1,2,13980,13980,63),(308,'2018-08-22 17:40:13',1,2,30,4618,13980,63),(309,'2018-08-22 17:40:13',1,3,50000,-1050030,13980,63),(310,'2018-08-22 17:40:13',1,4,0.25,1210,13980,63),(311,'2018-08-22 17:40:13',1,5,5.5,0,13980,63),(314,'2018-08-22 17:46:00',1,1,2,13980,13980,64),(315,'2018-08-22 17:46:00',1,2,30,4618,13980,64),(316,'2018-08-22 17:46:00',1,3,50000,-1050030,13980,64),(317,'2018-08-22 17:46:00',1,4,0.25,1210,13980,64),(318,'2018-08-22 17:46:00',1,5,5.5,0,13980,64),(321,'2018-08-22 18:18:54',1,1,2,13980,13980,65),(322,'2018-08-22 18:18:54',1,2,30,4618,13980,65),(323,'2018-08-22 18:18:54',1,3,50000,-1050030,13980,65),(324,'2018-08-22 18:18:54',1,4,0.25,1210,13980,65),(325,'2018-08-22 18:18:54',1,5,5.5,0,13980,65),(328,'2018-08-22 18:24:54',1,1,2,13980,13980,66),(329,'2018-08-22 18:24:54',1,2,30,4618,13980,66),(330,'2018-08-22 18:24:54',1,3,50000,-1050030,13980,66),(331,'2018-08-22 18:24:54',1,4,0.25,1210,13980,66),(332,'2018-08-22 18:24:54',1,5,5.5,0,13980,66),(335,'2018-08-26 02:47:13',1,1,2,13980,13980,67),(336,'2018-08-26 02:47:13',1,2,30,4618,13980,67),(337,'2018-08-26 02:47:13',1,3,50000,-1050030,13980,67),(338,'2018-08-26 02:47:13',1,4,0.25,1210,13980,67),(339,'2018-08-26 02:47:13',1,5,5.5,0,13980,67),(342,'2018-08-26 02:50:30',1,1,2,13980,13980,68),(343,'2018-08-26 02:50:30',1,2,30,4618,13980,68),(344,'2018-08-26 02:50:30',1,3,50000,-1050030,13980,68),(345,'2018-08-26 02:50:30',1,4,0.25,1210,13980,68),(346,'2018-08-26 02:50:30',1,5,5.5,0,13980,68),(349,'2018-08-26 02:52:01',1,1,2,13980,13980,69),(350,'2018-08-26 02:52:01',1,2,30,4618,13980,69),(351,'2018-08-26 02:52:01',1,3,50000,-1050030,13980,69),(352,'2018-08-26 02:52:01',1,4,0.25,1210,13980,69),(353,'2018-08-26 02:52:01',1,5,5.5,0,13980,69),(356,'2018-08-26 03:36:26',1,1,2,13980,13980,70),(357,'2018-08-26 03:36:26',1,2,30,418,13980,70),(358,'2018-08-26 03:36:26',1,3,50000,-1050030,13980,70),(359,'2018-08-26 03:36:26',1,4,0.25,1210,13980,70),(360,'2018-08-26 03:36:26',1,5,5.5,0,13980,70),(366,'2018-09-10 10:51:37',1,1,2,13880,13880,75),(367,'2018-09-10 10:51:37',1,2,30,418,13880,75),(368,'2018-09-10 10:51:37',1,3,50000,-1050030,13880,75),(369,'2018-09-10 10:51:37',1,4,0.25,1210,13880,75),(370,'2018-09-10 10:51:37',1,5,5.5,0,13880,75);
/*!40000 ALTER TABLE `shift_price` ENABLE KEYS */;
UNLOCK TABLES;

--
-- Table structure for table `shift_product`
--

DROP TABLE IF EXISTS `shift_product`;
/*!40101 SET @saved_cs_client     = @@character_set_client */;
/*!40101 SET character_set_client = utf8 */;
CREATE TABLE `shift_product` (
  `id` int(10) unsigned NOT NULL AUTO_INCREMENT,
  `ts` timestamp NULL DEFAULT CURRENT_TIMESTAMP,
  `pro_id` int(10) unsigned NOT NULL,
  `qty` float NOT NULL,
  `user_id` int(10) unsigned NOT NULL,
  `sid` int(10) unsigned NOT NULL,
  PRIMARY KEY (`id`)
) ENGINE=InnoDB AUTO_INCREMENT=35 DEFAULT CHARSET=utf8 COLLATE=utf8_bin;
/*!40101 SET character_set_client = @saved_cs_client */;

--
-- Dumping data for table `shift_product`
--

LOCK TABLES `shift_product` WRITE;
/*!40000 ALTER TABLE `shift_product` DISABLE KEYS */;
INSERT INTO `shift_product` VALUES (28,'2018-08-19 08:36:41',4,2.5,11,59),(29,'2018-08-19 08:41:50',1,200,12,60),(31,'2018-08-22 17:37:15',2,300,10,62),(32,'2018-08-26 02:52:02',2,4200,10,69),(33,'2018-09-10 04:15:47',1,100,10,73),(34,'2018-09-10 10:51:37',2,150,10,75);
/*!40000 ALTER TABLE `shift_product` ENABLE KEYS */;
UNLOCK TABLES;

--
-- Table structure for table `tank`
--

DROP TABLE IF EXISTS `tank`;
/*!40101 SET @saved_cs_client     = @@character_set_client */;
/*!40101 SET character_set_client = utf8 */;
CREATE TABLE `tank` (
  `id` int(10) unsigned NOT NULL AUTO_INCREMENT,
  `ts` timestamp NULL DEFAULT CURRENT_TIMESTAMP,
  `tank_id` int(10) unsigned NOT NULL,
  `shift_id` int(10) unsigned NOT NULL,
  `open_reading` float NOT NULL,
  `close_reading` float NOT NULL,
  `fuel_received` float DEFAULT '0',
  `price` float DEFAULT NULL,
  PRIMARY KEY (`id`),
  KEY `tank_id` (`tank_id`),
  KEY `shift_id` (`shift_id`),
  CONSTRAINT `tank_ibfk_1` FOREIGN KEY (`tank_id`) REFERENCES `tank_metadata` (`id`),
  CONSTRAINT `tank_ibfk_2` FOREIGN KEY (`shift_id`) REFERENCES `shift` (`id`)
) ENGINE=InnoDB AUTO_INCREMENT=213 DEFAULT CHARSET=utf8 COLLATE=utf8_bin;
/*!40101 SET character_set_client = @saved_cs_client */;

--
-- Dumping data for table `tank`
--

LOCK TABLES `tank` WRITE;
/*!40000 ALTER TABLE `tank` DISABLE KEYS */;
INSERT INTO `tank` VALUES (165,'2018-08-19 08:35:13',1,59,106,104,0,450),(166,'2018-08-19 08:35:13',2,59,106,104,56,259),(168,'2018-08-19 08:39:13',1,60,104,102,0,450),(169,'2018-08-19 08:39:13',2,60,104,102,0,259),(174,'2018-08-19 08:50:43',1,62,100,96,0,450),(175,'2018-08-19 08:50:43',2,62,100,96,0,259),(177,'2018-08-22 17:39:26',1,63,96,94,0,450),(178,'2018-08-22 17:39:26',2,63,96,94,0,259),(180,'2018-08-22 17:40:50',1,64,94,90,0,450),(181,'2018-08-22 17:40:50',2,64,94,90,0,259),(183,'2018-08-22 18:05:49',1,65,90,85,0,450),(184,'2018-08-22 18:05:49',2,65,90,85,0,259),(186,'2018-08-22 18:19:43',1,66,85,82,0,450),(187,'2018-08-22 18:19:43',2,66,85,82,0,259),(189,'2018-08-26 02:45:13',1,67,82,81,65,89),(190,'2018-08-26 02:45:13',2,67,82,81,0,75),(192,'2018-08-26 02:48:34',1,68,81,80,0,89),(193,'2018-08-26 02:48:34',2,68,81,80,0,75),(195,'2018-08-26 02:50:38',1,69,80,79,0,89),(196,'2018-08-26 02:50:38',2,69,80,79,0,75),(198,'2018-08-26 03:34:58',1,70,79,78,0,89),(199,'2018-08-26 03:34:58',2,70,79,78,0,75),(201,'2018-08-29 01:16:53',1,71,78,75,0,NULL),(202,'2018-08-29 01:16:53',2,71,78,75,0,NULL),(208,'2018-09-10 10:44:18',1,74,75,73,0,NULL),(209,'2018-09-10 10:44:18',2,74,75,73,0,NULL),(211,'2018-09-10 10:50:30',1,75,75,73,5,100),(212,'2018-09-10 10:50:30',2,75,75,73,0,90);
/*!40000 ALTER TABLE `tank` ENABLE KEYS */;
UNLOCK TABLES;

--
-- Table structure for table `tank_metadata`
--

DROP TABLE IF EXISTS `tank_metadata`;
/*!40101 SET @saved_cs_client     = @@character_set_client */;
/*!40101 SET character_set_client = utf8 */;
CREATE TABLE `tank_metadata` (
  `id` int(10) unsigned NOT NULL AUTO_INCREMENT,
  `ts` timestamp NULL DEFAULT CURRENT_TIMESTAMP,
  `active` tinyint(4) DEFAULT '1',
  `pid` int(10) unsigned NOT NULL,
  `capacity` decimal(6,0) unsigned NOT NULL,
  `tank_no` int(10) unsigned DEFAULT NULL,
  `type` varchar(15) COLLATE utf8_bin NOT NULL,
  `qty` float NOT NULL,
  `price` float NOT NULL,
  `del` tinyint(4) DEFAULT '0',
  PRIMARY KEY (`id`),
  KEY `pid` (`pid`),
  CONSTRAINT `tank_metadata_ibfk_1` FOREIGN KEY (`pid`) REFERENCES `petrolpump` (`id`)
) ENGINE=InnoDB AUTO_INCREMENT=12 DEFAULT CHARSET=utf8 COLLATE=utf8_bin;
/*!40101 SET character_set_client = @saved_cs_client */;

--
-- Dumping data for table `tank_metadata`
--

LOCK TABLES `tank_metadata` WRITE;
/*!40000 ALTER TABLE `tank_metadata` DISABLE KEYS */;
INSERT INTO `tank_metadata` VALUES (1,'2018-07-11 04:25:24',1,1,50000,1,'hsd',120,100,0),(2,'2018-07-11 04:40:50',1,1,40000,2,'ms',73,90,0),(8,'2018-08-04 03:17:42',1,12,1500,1,'ms',100,80,0),(9,'2018-08-04 03:18:03',1,12,1500,2,'hsd',120,70,0),(10,'2018-09-16 09:12:55',1,14,0,1,'HSD',0,100,0),(11,'2018-09-16 09:13:15',1,14,0,2,'MS',0,100,0);
/*!40000 ALTER TABLE `tank_metadata` ENABLE KEYS */;
UNLOCK TABLES;

--
-- Table structure for table `transport`
--

DROP TABLE IF EXISTS `transport`;
/*!40101 SET @saved_cs_client     = @@character_set_client */;
/*!40101 SET character_set_client = utf8 */;
CREATE TABLE `transport` (
  `id` int(10) unsigned NOT NULL AUTO_INCREMENT,
  `pid` int(10) unsigned NOT NULL,
  `ts` timestamp NULL DEFAULT CURRENT_TIMESTAMP,
  `del` tinyint(4) DEFAULT '0',
  `name` varchar(25) COLLATE utf8_bin DEFAULT NULL,
  PRIMARY KEY (`id`),
  KEY `pid` (`pid`),
  CONSTRAINT `transport_ibfk_1` FOREIGN KEY (`pid`) REFERENCES `petrolpump` (`id`)
) ENGINE=InnoDB AUTO_INCREMENT=7 DEFAULT CHARSET=utf8 COLLATE=utf8_bin;
/*!40101 SET character_set_client = @saved_cs_client */;

--
-- Dumping data for table `transport`
--

LOCK TABLES `transport` WRITE;
/*!40000 ALTER TABLE `transport` DISABLE KEYS */;
INSERT INTO `transport` VALUES (1,1,'2018-07-11 09:32:16',1,'gaurang'),(2,1,'2018-07-11 09:32:50',1,'ankit'),(3,1,'2018-07-13 23:16:24',0,'Meera Transport'),(4,1,'2018-07-14 04:09:56',0,'Hola Transport'),(5,1,'2018-07-14 04:10:04',1,'abc'),(6,1,'2018-07-15 20:12:22',1,'serhsartjh');
/*!40000 ALTER TABLE `transport` ENABLE KEYS */;
UNLOCK TABLES;

--
-- Table structure for table `user`
--

DROP TABLE IF EXISTS `user`;
/*!40101 SET @saved_cs_client     = @@character_set_client */;
/*!40101 SET character_set_client = utf8 */;
CREATE TABLE `user` (
  `id` int(10) unsigned NOT NULL AUTO_INCREMENT,
  `ts` timestamp NULL DEFAULT CURRENT_TIMESTAMP,
  `pid` int(10) unsigned NOT NULL,
  `fname` varchar(20) COLLATE utf8_bin NOT NULL,
  `lname` varchar(20) COLLATE utf8_bin DEFAULT NULL,
  `address` varchar(99) COLLATE utf8_bin NOT NULL,
  `phone` decimal(12,0) NOT NULL,
  `email` varchar(25) COLLATE utf8_bin NOT NULL,
  `adhaar` decimal(16,0) NOT NULL,
  `active` tinyint(4) DEFAULT '1',
  `del` tinyint(4) DEFAULT '0',
  `password` varchar(30) COLLATE utf8_bin NOT NULL,
  `pic` varchar(150) COLLATE utf8_bin DEFAULT NULL,
  PRIMARY KEY (`id`),
  UNIQUE KEY `phone` (`phone`),
  UNIQUE KEY `email` (`email`),
  UNIQUE KEY `adhaar` (`adhaar`),
  KEY `pid` (`pid`),
  CONSTRAINT `user_ibfk_1` FOREIGN KEY (`pid`) REFERENCES `petrolpump` (`id`)
) ENGINE=InnoDB AUTO_INCREMENT=25 DEFAULT CHARSET=utf8 COLLATE=utf8_bin;
/*!40101 SET character_set_client = @saved_cs_client */;

--
-- Dumping data for table `user`
--

LOCK TABLES `user` WRITE;
/*!40000 ALTER TABLE `user` DISABLE KEYS */;
INSERT INTO `user` VALUES (1,'2018-07-11 04:11:08',1,'Gaurang','Sharma','Holi gate',164556,'a@b.com',547465,1,0,'abcde','upload_e79cb425aabf02409baea04f47126d9f'),(2,'2018-07-11 04:15:49',1,'kirti','garg','near nidhivan temple vrindavan',8077382031,'kirtigarg1599@gmail.com',35343,1,0,'abcd','upload_5ad4745448def751ef7e77fc21724bc5'),(3,'2018-07-11 04:16:22',1,'fdjdfdfvdfg','fdg','fdgg',32141,'a@c.com',23134,1,0,'abcd','upload_97b1174d6f76bd00724535667db6df1d'),(4,'2018-07-11 04:16:52',1,'fhc','dsfdsf','fdsgdsf',3242,'a@d.com',324,1,0,'123','upload_4b347a9edb16b574b6228676d65c566f'),(7,'2018-07-11 04:18:35',1,'asdasd','cv','fsds',342,'a@e.com',534,0,0,'123','upload_aedf6e69efeea12b94842caf2916858d'),(9,'2018-07-11 04:19:30',1,'Shyam','Lal','dsfsd',654,'a@f.c',7684561,1,0,'123','upload_25b66083144a98b68f21d8cf3bc33973'),(10,'2018-07-11 04:20:16',1,'fsd','ew','dfd',8465,'c@b.com',897451,1,0,'123','upload_0a4b8bec4b769bd81915b4c0bc51dedd'),(11,'2018-07-11 04:21:04',1,'vfbfvbb','cfd','fdv',123,'a@v.com',25648,1,0,'123','upload_95a6b98a35cfc442f47612a94e1b918d'),(12,'2018-07-11 04:40:21',1,'asd','gedfrfg','sda',3241,'a@f.com',2421,1,0,'123','abc'),(13,'2018-07-11 04:41:43',1,'ankit','agrawal','radha gali',123456,'a@g.com',213,1,1,'123','upload_95fe8423dd314ad82b31acfc18a88570'),(15,'2018-07-12 04:12:02',3,'kdfg','jgd','ejger',2325,'r@c.com',32578912,1,0,'abcd','upload_63decc46e82be3300bc532845c5599a1'),(16,'2018-07-14 04:06:16',1,'hjg','bh','guh',58651427451,'k@d.com',4251354,1,1,'undefined','upload_62437a7f12ba3dee5741e560286f7886'),(17,'2018-07-21 05:32:34',11,'buyh','ubk','yuhbb',265,'c@d.com',651651,1,0,'abcd','upload_13de5e6100d2de520a84372e0fad5c17'),(18,'2018-08-04 03:07:21',12,'nikhil','bansal','near agra',78946652,'nikhil@gmail.com',78954852,1,0,'123','upload_533a014745a0e7e6f32a5a8db6224842'),(19,'2018-08-04 03:13:51',12,'ankit','agraawal','near mathura',789525632,'ankit@gmail.com',8923387451,1,0,'undefined','upload_08ed386c2bfe074ba78520ffdfedf7fe'),(21,'2018-08-04 03:15:26',12,'naman','bhatnagar','near agra',79825651,'naman@gmail.com',892338741,1,0,'undefined','upload_d943128dcfac061bc9da9dd67027e482'),(22,'2018-08-04 03:29:38',12,'radha','radha','near mathura',7828562,'radha@gmail.com',58966526,1,0,'undefined','upload_2697a5834464c2a4f62db5fb7d9e42fc'),(23,'2018-08-12 17:35:36',13,'dfsnhgbeinuj drh','jhereviu hvlrg','oisjer  o94wihr',89566,'a@a.com',585264,1,0,'abcde','upload_8d47336e1b08a9d64f996056c043dc14'),(24,'2018-09-14 05:44:34',14,'Amit','Agrawal','Krishna Nagar, Mathura',9927788800,'amit.agrawal@gla.ac.in',0,1,0,'abcd456','upload_23995b11e0f9033a89b1e119f3f0b789');
/*!40000 ALTER TABLE `user` ENABLE KEYS */;
UNLOCK TABLES;

--
-- Table structure for table `user_role`
--

DROP TABLE IF EXISTS `user_role`;
/*!40101 SET @saved_cs_client     = @@character_set_client */;
/*!40101 SET character_set_client = utf8 */;
CREATE TABLE `user_role` (
  `id` int(10) unsigned NOT NULL AUTO_INCREMENT,
  `ts` timestamp NULL DEFAULT CURRENT_TIMESTAMP,
  `pid` int(10) unsigned NOT NULL,
  `user_id` int(10) unsigned NOT NULL,
  `role_id` int(10) unsigned NOT NULL,
  PRIMARY KEY (`id`),
  KEY `pid` (`pid`),
  KEY `user_id` (`user_id`),
  KEY `role_id` (`role_id`),
  CONSTRAINT `user_role_ibfk_1` FOREIGN KEY (`pid`) REFERENCES `petrolpump` (`id`),
  CONSTRAINT `user_role_ibfk_2` FOREIGN KEY (`user_id`) REFERENCES `user` (`id`),
  CONSTRAINT `user_role_ibfk_3` FOREIGN KEY (`role_id`) REFERENCES `role` (`id`)
) ENGINE=InnoDB AUTO_INCREMENT=20 DEFAULT CHARSET=utf8 COLLATE=utf8_bin;
/*!40101 SET character_set_client = @saved_cs_client */;

--
-- Dumping data for table `user_role`
--

LOCK TABLES `user_role` WRITE;
/*!40000 ALTER TABLE `user_role` DISABLE KEYS */;
INSERT INTO `user_role` VALUES (1,'2018-07-11 04:11:08',1,1,1),(2,'2018-07-11 04:15:49',1,2,1),(3,'2018-07-11 04:16:22',1,3,1),(4,'2018-07-11 04:16:52',1,4,1),(5,'2018-07-11 04:18:35',1,7,1),(6,'2018-07-11 04:19:30',1,9,2),(7,'2018-07-11 04:20:17',1,10,3),(8,'2018-07-11 04:21:05',1,11,3),(9,'2018-07-11 04:40:22',1,12,3),(10,'2018-07-11 04:41:43',1,13,3),(11,'2018-07-12 04:12:02',3,15,4),(12,'2018-07-14 04:06:16',1,16,5),(13,'2018-07-21 05:32:35',11,17,6),(14,'2018-08-04 03:07:21',12,18,7),(15,'2018-08-04 03:13:52',12,19,8),(16,'2018-08-04 03:15:26',12,21,7),(17,'2018-08-04 03:29:39',12,22,9),(18,'2018-08-12 17:35:37',13,23,10),(19,'2018-09-14 05:44:34',14,24,11);
/*!40000 ALTER TABLE `user_role` ENABLE KEYS */;
UNLOCK TABLES;
/*!40103 SET TIME_ZONE=@OLD_TIME_ZONE */;

/*!40101 SET SQL_MODE=@OLD_SQL_MODE */;
/*!40014 SET FOREIGN_KEY_CHECKS=@OLD_FOREIGN_KEY_CHECKS */;
/*!40014 SET UNIQUE_CHECKS=@OLD_UNIQUE_CHECKS */;
/*!40101 SET CHARACTER_SET_CLIENT=@OLD_CHARACTER_SET_CLIENT */;
/*!40101 SET CHARACTER_SET_RESULTS=@OLD_CHARACTER_SET_RESULTS */;
/*!40101 SET COLLATION_CONNECTION=@OLD_COLLATION_CONNECTION */;
/*!40111 SET SQL_NOTES=@OLD_SQL_NOTES */;

-- Dump completed on 2018-09-17 15:20:51
